S/No.,REGION,COUNTY,SUB COUNTY,UIC,KNEC,SCHOOL NAME,CLUSTER,TYPE,(Regular/,DISABILITY,ACCOMODATI,GENDER
1,RIFT VALLEY,BARINGO,BARINGO,GSC2,33517203,KITURO HIGH SCHOOL,C2,PUBLIC,RSNEEG/ULAR,NTOYNPE,BOONA TRYDPIENG,MIXED
2,RIFT VALLEY,BARINGO,CBEANRTINRGAOL,3PYX,33517205,PEMWAI GIRLS' SECONDARY SCHOOL,C2,PUBLIC,REGULAR,NONE,BOARDING,GIRLS
3,RIFT VALLEY,BARINGO,BCEANRTINRGAOL,RWU6,33517104,TABAGON GIRLS' SECONDARY SCHOOL,C2,PUBLIC,REGULAR,NONE,BOARDING,GIRLS
4,RIFT VALLEY,BARINGO,CBEANRTINRGAOL,L7A6,33517101,TENGES SECONDARY SCHOOL,C2,PUBLIC,REGULAR,NONE,BOARDING,BOYS
5,RIFT VALLEY,BARINGO,BCEANRTINRGAOL NORTH,U6JW,33547201,BARTOLIMO BOYS HIGH SCHOOL,C2,PUBLIC,REGULAR,NONE,BOARDING,BOYS
6,RIFT VALLEY,BARINGO,BARINGO NORTH,NBHW,33547103,MOI HIGH SCHOOL KABARTONJO,C2,PUBLIC,REGULAR,NONE,BOARDING,BOYS
7,RIFT VALLEY,BARINGO,BARINGO NORTH,9M8T,33547202,RUTH KIPTUI GIRLS HIGH SCHOOL-KASOK,C2,PUBLIC,REGULAR,NONE,BOARDING,GIRLS
8,RIFT VALLEY,BARINGO,KOIBATEK,99LH,33521102,KABIMOI HIGH SCHOOL,C2,PUBLIC,REGULAR,NONE,BOARDING,BOYS
9,RIFT VALLEY,BARINGO,KOIBATEK,U3K5,33521101,MERCY GIRLS HIGH SCHOOL - ELDAMA RAVINE,C2,PUBLIC,REGULAR,NONE,BOARDING,GIRLS
10,RIFT VALLEY,BARINGO,KOIBATEK,GGYQ,33521106,POROR HIGH SCHOOL,C2,PUBLIC,REGULAR,NONE,BOARDING,BOYS
11,RIFT VALLEY,BARINGO,KOIBATEK,DPBZ,33521108,SAOS SECONDARY SCHOOL,C2,PUBLIC,REGULAR,NONE,BOARDING,BOYS
12,RIFT VALLEY,BARINGO,KOIBATEK,93KE,33521105,SOLIAN GIRLS HIGH SCHOOL,C2,PUBLIC,REGULAR,NONE,BOARDING,GIRLS
13,RIFT VALLEY,BARINGO,KOIBATEK,XXE8,33521109,TONIOK GIRLS SECONDARY SCHOOL,C2,PUBLIC,REGULAR,NONE,BOARDING,GIRLS
14,RIFT VALLEY,BARINGO,MARIGAT,EHQE,33558101,MARIGAT SECONDARY SCHOOL,C2,PUBLIC,REGULAR,NONE,BOARDING,BOYS
15,RIFT VALLEY,BARINGO,MOGOTIO,CKMG,33562201,EMINING SECONDARY SCHOOL,C2,PUBLIC,REGULAR,NONE,BOARDING,BOYS
16,RIFT VALLEY,BARINGO,MOGOTIO,F3VU,33562303,KIMNGOROM GIRLS HIGH SCHOOL,C2,PUBLIC,REGULAR,NONE,BOARDING,GIRLS
17,RIFT VALLEY,BARINGO,MOGOTIO,MHSZ,33562401,KISANANA BOYS HIGH SCHOOL,C2,PUBLIC,REGULAR,NONE,BOARDING,BOYS
18,RIFT VALLEY,BARINGO,MOGOTIO,2FGK,33562101,MOGOTIO GIRLS' HIGH SCHOOL,C2,PUBLIC,REGULAR,NONE,BOARDING,GIRLS
19,RIFT VALLEY,BOMET,BOMET CENTRAL,UELJ,25508102,KABUNGUT SECONDARY SCHOOL,C2,PUBLIC,REGULAR,NONE,BOARDING,BOYS
20,RIFT VALLEY,BOMET,BOMET EAST,J6TH,25583108,LONGISA HIGH SCHOOL,C2,PUBLIC,REGULAR,NONE,BOARDING,BOYS
21,RIFT VALLEY,BOMET,CHEPALUNGU,Y398,25551117,CHEPALUNGU BOYS' HIGH SCHOOL,C2,PUBLIC,REGULAR,NONE,BOARDING,BOYS
22,RIFT VALLEY,BOMET,CHEPALUNGU,2V9P,25551101,KABOSON GIRLS SECONDARY SCHOOL,C2,PUBLIC,REGULAR,NONE,BOARDING,GIRLS
23,RIFT VALLEY,BOMET,KONOIN,C4HR,25563105,BOITO SECONDARY SCHOOL,C2,PUBLIC,REGULAR,NONE,BOARDING,BOYS
24,RIFT VALLEY,BOMET,KONOIN,RPGW,25563301,KIMULOT SECONDARY SCHOOL,C2,PUBLIC,REGULAR,NONE,BOARDING,BOYS
25,RIFT VALLEY,BOMET,KONOIN,W7KP,25563102,KOIWA BOYS HIGH SCHOOL,C2,PUBLIC,REGULAR,NONE,BOARDING,BOYS
26,RIFT VALLEY,BOMET,KONOIN,5G3R,25563101,SASETA GIRLS' SECONDARY SCHOOL,C2,PUBLIC,REGULAR,NONE,BOARDING,GIRLS
27,RIFT VALLEY,BOMET,SOTIK,TRC8,25533106,CHEBILAT SECONDARY SCHOOL,C2,PUBLIC,REGULAR,NONE,BOARDING,BOYS
28,RIFT VALLEY,BOMET,SOTIK,ZJQH,25533126,LORNA LABOSO MEMORIAL GIRLS,C2,PUBLIC,REGULAR,NONE,BOARDING,GIRLS
29,RIFT VALLEY,BOMET,SOTIK,963H,25533203,NDANAI SECONDARY SCHOOL,C2,PUBLIC,REGULAR,NONE,BOARDING,GIRLS
30,WESTERN,BUNGOMA,BUMULA,BZ4E,36628101,KHASOKO HIGH SCHOOL,C2,PUBLIC,REGULAR,NONE,BOARDING,BOYS
31,WESTERN,BUNGOMA,BUMULA,JADU,36628102,ST. TERESA'S KABULA SECONDARY SCHOOL,C2,PUBLIC,REGULAR,NONE,BOARDING,BOYS
32,WESTERN,BUNGOMA,BUNGOMA,UHCV,36612203,CHEBUKAKA GIRLS SECONDARY SCHOOL,C2,PUBLIC,REGULAR,NONE,BOARDING,GIRLS
33,WESTERN,BUNGOMA,CBEUNTGROAMA,NC2T,36612205,KUYWA GIRLS SECONDARY SCHOOL,C2,PUBLIC,REGULAR,NONE,BOARDING,GIRLS
34,WESTERN,BUNGOMA,CBEUNTGROAMA,8ANV,36612104,LUUYA GIRLS SECONDARY SCHOOL,C2,PUBLIC,REGULAR,NONE,BOARDING,GIRLS
35,WESTERN,BUNGOMA,BCEUNTGROAMA,6WNU,36612108,ST.JOSEPH'S NALONDO BOYS HIGH SCHOOL,C2,PUBLIC,REGULAR,NONE,BOARDING,BOYS
36,WESTERN,BUNGOMA,BCEUNTGROAMA,PCQ4,36612201,TEREMI BOYS HIGH SCHOOL,C2,PUBLIC,REGULAR,NONE,BOARDING,BOYS
37,WESTERN,BUNGOMA,CBEUNTGROAMA EAST,WGEA,36613115,NDIVISI GIRLS HIGH SCHOOL,C2,PUBLIC,REGULAR,NONE,BOARDING,GIRLS
38,WESTERN,BUNGOMA,BUNGOMA EAST,87VR,36613105,ST.CECILIA GIRLS MISIKHU,C2,PUBLIC,REGULAR,NONE,BOARDING,GIRLS
39,WESTERN,BUNGOMA,BUNGOMA,999Y,36611002,ST. PATRICK'S NAITIRI HIGH SCHOOL,C2,PUBLIC,REGULAR,NONE,BOARDING,BOYS
40,WESTERN,BUNGOMA,NBUONRGTHOMA SOUTH,4RZZ,36602101,BUNGOMA HIGH SCHOOL,C2,PUBLIC,INTERGRATE,VI,BOARDING,BOYS
41,WESTERN,BUNGOMA,BUNGOMA WEST,ZTMB,36626205,A C BUTONGE HIGH SCHOOL,C2,PUBLIC,RDEGULAR,NONE,BOARDING,BOYS
42,WESTERN,BUNGOMA,BUNGOMA WEST,95KE,36626101,CHWELE GIRLS HIGH SCHOOL,C2,PUBLIC,REGULAR,NONE,BOARDING,GIRLS
43,WESTERN,BUNGOMA,KIMILILI,7JV7,36621101,CHESAMISI BOYS HIGH SCHOOL,C2,PUBLIC,REGULAR,NONE,BOARDING,BOYS
44,WESTERN,BUNGOMA,KIMILILI,PMSE,36621102,KAMUSINDE BOYS HIGH SCHOOL,C2,PUBLIC,REGULAR,NONE,BOARDING,BOYS
45,WESTERN,BUNGOMA,KIMILILI,Y45F,36621115,KIMIILILI FRIENDS GIRLS SECONDARY SCHOOL,C2,PUBLIC,REGULAR,NONE,BOARDING,GIRLS
46,WESTERN,BUNGOMA,KIMILILI,QCT6,36621110,ST. LUKE'S BOYS' HIGH SCHOOL KIMILILI,C2,PUBLIC,REGULAR,NONE,BOARDING,BOYS
47,WESTERN,BUNGOMA,KIMILILI,YUZX,36621105,ST. MARY'S SOSIO SECONDARY SCHOOL,C2,PUBLIC,REGULAR,NONE,BOARDING,GIRLS
48,WESTERN,BUNGOMA,MT. ELGON,VZ2C,36605101,KAPSOKWONY HIGH SCHOOL,C2,PUBLIC,REGULAR,NONE,BOARDING,BOYS
49,WESTERN,BUNGOMA,MT. ELGON,ZB58,36605103,KIBUK GIRLS HIGH SCHOOL,C2,PUBLIC,REGULAR,NONE,BOARDING,GIRLS
50,WESTERN,BUNGOMA,TONGAREN,K4K8,36636010,MITUA GIRLS HIGH SCHOOL,C2,PUBLIC,REGULAR,NONE,BOARDING,GIRLS
51,WESTERN,BUNGOMA,TONGAREN,GXNA,36636002,ST. AUGUSTINE GIRLS HIGH SCHOOL,C2,PUBLIC,REGULAR,NONE,BOARDING,GIRLS
52,WESTERN,BUNGOMA,WEBUYE WEST,5XAU,36635002,FRIENDS SCHOOL BOKOLI,C2,PUBLIC,REGULAR,NONE,BOARDING,BOYS
53,WESTERN,BUNGOMA,WEBUYE WEST,82NL,36635006,NAMAWANGA GIRLS,C2,PUBLIC,REGULAR,NONE,BOARDING,GIRLS
54,WESTERN,BUSIA,BUNYALA,DJGY,35610101,ST.BENEDICT'S HIGH SCHOOL -BUDALANGI,C2,PUBLIC,REGULAR,NONE,BOARDING,BOYS
55,WESTERN,BUSIA,BUSIA,F3NP,35601201,ST MARY'S MUNDIKA HIGH SCHOOL,C2,PUBLIC,REGULAR,NONE,BOARDING,BOYS
56,WESTERN,BUSIA,BUSIA,VUFY,35601101,ST. MATHIAS' BUSIA SECONDARY SCHOOL,C2,PUBLIC,REGULAR,NONE,BOARDING,BOYS
57,WESTERN,BUSIA,BUTULA,7K38,35623108,BUJUMBA BOYS SECONDARY,C2,PUBLIC,REGULAR,NONE,BOARDING,BOYS
58,WESTERN,BUSIA,BUTULA,LNC8,35623105,BUSIADA GIRLS,C2,PUBLIC,REGULAR,NONE,BOARDING,GIRLS
59,WESTERN,BUSIA,NAMBALE,LK8F,35629102,KISOKO GIRLS SECONDARY SCHOOL,C2,PUBLIC,INTERGRATE,VI,BOARDING,GIRLS
60,WESTERN,BUSIA,SAMIA,XX36,35609104,SIGALAME HIGH SCHOOL,C2,PUBLIC,DREGULAR,NONE,BOARDING,BOYS
61,WESTERN,BUSIA,SAMIA,CFVX,35609105,ST. CECILIA NANGINA GIRLS HIGH SCHOOL,C2,PUBLIC,REGULAR,NONE,BOARDING,GIRLS
62,WESTERN,BUSIA,TESO CENTRAL,XRGL,35639101,ST. PAUL'S AMUKURA HIGH.,C2,PUBLIC,REGULAR,NONE,BOARDING,BOYS
63,WESTERN,BUSIA,TESO NORTH,GHV8,35606103,BISHOP SULUMETI CHELELEMUK GIRLS HIGH,C2,PUBLIC,REGULAR,NONE,BOARDING,GIRLS
64,WESTERN,BUSIA,TESO NORTH,6GLH,35606101,SS.CAH. KOOLANYA BOYS HIGH SCHOOL,C2,PUBLIC,REGULAR,NONE,BOARDING,BOYS
65,WESTERN,BUSIA,TESO SOUTH,AEV4,35620201,ST MONICA CHAKOL GIRLS' HIGH SCHOOL,C2,PUBLIC,REGULAR,NONE,BOARDING,GIRLS
66,RIFT VALLEY,ELGEYO,KEIYO NORTH,4RG5,34518402,AIC GIRLS SECONDARY SCHOOL KESSUP,C2,PUBLIC,REGULAR,NONE,BOARDING,GIRLS
67,RIFT VALLEY,EMLAGREAYKOW,KEIYO NORTH,VKPV,34518104,KIPSOEN SECONDARY SCHOOL,C2,PUBLIC,REGULAR,NONE,BOARDING,BOYS
68,RIFT VALLEY,EMLAGREAYKOW,KEIYO NORTH,2YBM,34518102,SING'ORE GIRLS SECONDARY SCHOOL,C2,PUBLIC,REGULAR,NONE,BOARDING,GIRLS
69,RIFT VALLEY,EMLAGREAYKOW,KEIYO SOUTH,PKW7,34559201,KAPKENDA GIRLS,C2,PUBLIC,REGULAR,NONE,BOARDING,GIRLS
70,RIFT VALLEY,MELAGREAYKOW,KEIYO SOUTH,5S6X,34559503,KIPSAOS BOYS,C2,PUBLIC,REGULAR,NONE,BOARDING,BOYS
71,RIFT VALLEY,EMLAGREAYKOW,KEIYO SOUTH,C83M,34559204,MOKWO GIRLS SECONDARY SCHOOL,C2,PUBLIC,REGULAR,NONE,BOARDING,GIRLS
72,RIFT VALLEY,MELAGREAYKOW,KEIYO SOUTH,MSM9,34559208,OUR LADY OF GLORY KAPTAGAT GIRLS HIGH,C2,PUBLIC,REGULAR,NONE,BOARDING,GIRLS
73,RIFT VALLEY,EMLAGREAYKOW,KEIYO SOUTH,YJDW,34559501,SSICMHOTOWL O SECONDARY SCHOOL,C2,PUBLIC,REGULAR,NONE,BOARDING,BOYS
74,RIFT VALLEY,EMLAGREAYKOW,MARAKWET EAST,D95X,34561301,SAMBIRIR GIRLS SECONDARY SCHOOL,C2,PUBLIC,REGULAR,NONE,BOARDING,GIRLS
75,RIFT VALLEY,MELAGREAYKOW,MARAKWET,VGP7,34520101,CHEBARA SECONDARY SCHOOL,C2,PUBLIC,REGULAR,NONE,BOARDING,BOYS
76,RIFT VALLEY,MELAGREAYKOW,WMAERSTAKWET,5BZB,34520202,KAPSOWAR BOYS' SECONDARY SCHOOL,C2,PUBLIC,REGULAR,NONE,BOARDING,BOYS
77,RIFT VALLEY,MELAGREAYKOW,MWAERSTAKWET,JJ7M,34520104,SANTA MARIA GIRLS SECONDARY SCHOOL,C2,PUBLIC,REGULAR,NONE,BOARDING,GIRLS
78,RIFT VALLEY,EMLAGREAYKOW,WMAERSTAKWET,LVCX,34520102,ST. PETER'S MARAKWET BOYS SECONDARY SCHOOL,C2,PUBLIC,REGULAR,NONE,BOARDING,BOYS
79,RIFT VALLEY,MELAGREAYKOW,WMAERSTAKWET,L6RV,34520103,YEMIT BOYS HIGH SCHOOL,C2,PUBLIC,REGULAR,NONE,BOARDING,BOYS
80,RIFT VALLEY,MELAGREAYKOW,MWAERSTAKWET,R3L4,34520109,YEMIT GIRLS' SECONDARY SCHOOL,C2,PUBLIC,REGULAR,NONE,BOARDING,GIRLS
81,EASTERN,EMMABRUAKW,EWMEBSTU EAST,G6QV,14333202,KEGONGE BOYS HIGH SCHOOL,C2,PUBLIC,REGULAR,NONE,BOARDING,BOYS
82,EASTERN,EMBU,EMBU EAST,TDJN,14333203,ST AGNES KIAGANARI GIRLS SECONDARY SCHOOL,C2,PUBLIC,REGULAR,NONE,BOARDING,GIRLS
83,EASTERN,EMBU,EMBU EAST,PWAF,14333102,ST. CATHERINE NTHAGAIYA GIRLS SECONDARY,C2,PUBLIC,REGULAR,NONE,BOARDING,GIRLS
84,EASTERN,EMBU,EMBU NORTH,AXNL,14355112,KSCAHVOUOTLIRI BOYS SECONDARY SCHOOL,C2,PUBLIC,REGULAR,NONE,BOARDING,BOYS
85,EASTERN,EMBU,EMBU NORTH,ATPS,14355101,"KING DAVID BOYS HIGH SCHOOL, KAMAMA",C2,PUBLIC,REGULAR,NONE,BOARDING,BOYS
86,EASTERN,EMBU,EMBU NORTH,4JTA,14355102,KIRIARI GIRLS HIGH SCHOOL,C2,PUBLIC,REGULAR,NONE,BOARDING,GIRLS
87,EASTERN,EMBU,EMBU NORTH,EELS,14355201,NGUVIU BOYS HIGH SCHOOL,C2,PUBLIC,REGULAR,NONE,BOARDING,BOYS
88,EASTERN,EMBU,EMBU NORTH,UJVA,14355202,NGUVIU GIRLS SECONDARY SCHOOL,C2,PUBLIC,REGULAR,NONE,BOARDING,GIRLS
89,EASTERN,EMBU,EMBU WEST,9CHU,14303104,KANGARU GIRLS SCHOOL,C2,PUBLIC,REGULAR,NONE,BOARDING,GIRLS
90,EASTERN,EMBU,EMBU WEST,2Q6P,14303101,KANGARU SCHOOL,C2,PUBLIC,REGULAR,NONE,BOARDING,BOYS
91,EASTERN,EMBU,EMBU WEST,M2RL,14303105,KIRIMARI SECONDARY SCHOOL,C2,PUBLIC,REGULAR,NONE,BOARDING,BOYS
92,EASTERN,EMBU,EMBU WEST,7CYS,14303201,ST PAUL'S HIGH SCHOOL KEVOTE,C2,PUBLIC,REGULAR,NONE,BOARDING,BOYS
93,EASTERN,EMBU,EMBU WEST,Y5MZ,14303203,ST TERESA'S GIRLS' - KITHIMU,C2,PUBLIC,REGULAR,NONE,BOARDING,GIRLS
94,EASTERN,EMBU,EMBU WEST,WS89,14303102,ST. MARYS KIANGIMA SECONDARY SCHOOL,C2,PUBLIC,REGULAR,NONE,BOARDING,GIRLS
95,EASTERN,EMBU,MBEERE NORTH,4URF,14312104,GANGARA SECONDARY SCHOOL,C2,PUBLIC,REGULAR,NONE,BOARDING,Mixed
96,EASTERN,EMBU,MBEERE NORTH,8F7Y,14312301,KANYUAMBORA SECONDARY SCHOOL,C2,PUBLIC,REGULAR,NONE,BOARDING,BOYS
97,EASTERN,EMBU,MBEERE NORTH,47SG,14312105,KIAMBERE SCHOOL COMPLEX,C2,PUBLIC,REGULAR,NONE,BOARDING,Mixed
98,EASTERN,EMBU,MBEERE SOUTH,A5RD,14341104,MARIARI GIRLS SECONDARY SCHOOL,C2,PUBLIC,REGULAR,NONE,BOARDING,GIRLS
99,EASTERN,EMBU,MBEERE SOUTH,8NGT,14341101,MAYORI SECONDARY SCHOOL,C2,PUBLIC,INTERGRATE,VI,BOARDING,Mixed
100,EASTERN,EMBU,MWEA,3UUK,14376404,JOSEPH ALLAMANO - WACHORO SECONDARY,C2,PUBLIC,RDEGULAR,NONE,BOARDING,BOYS
101,NORTH EASTERN,GARISSA,BURA EAST,8MF6,45827102,FAFI GIRLS SECONDARY SCHOOL,C2,PUBLIC,REGULAR,NONE,BOARDING,GIRLS
102,NORTH EASTERN,GARISSA,GARISSA,R7PQ,45801103,COUNTY HIGH SCHOOL,C2,PUBLIC,REGULAR,NONE,BOARDING,BOYS
103,NORTH EASTERN,GARISSA,SANKURI,258X,45839102,SAKA GIRLS SECONDARY SCHOOL,C2,PUBLIC,REGULAR,NONE,BOARDING,GIRLS
104,NORTH EASTERN,GARISSA,SANKURI,AA9N,45839101,SANKURI SECONDARY SCHOOL,C2,PUBLIC,REGULAR,NONE,BOARDING,BOYS
105,NYANZA,HOMA BAY,MBITA,8P2N,41730309,AMBASSADOR PAMELA MBOYA GIRLS SECONDARY,C2,PUBLIC,REGULAR,NONE,BOARDING,GIRLS
106,NYANZA,HOMA BAY,MBITA,P739,41730107,NSCYHAOMOASARE GIRLS' SECONDARY SCHOOL,C2,PUBLIC,REGULAR,NONE,BOARDING,GIRLS
107,NYANZA,HOMA BAY,MBITA,JJ3Q,41730102,TOM MBOYA SECONDARY SCHOOL,C2,PUBLIC,REGULAR,NONE,BOARDING,BOYS
108,NYANZA,HOMA BAY,NDHIWA,FPED,41724203,MAGINA GIRLS SECONDARY SCHOOL,C2,PUBLIC,REGULAR,NONE,BOARDING,GIRLS
109,NYANZA,HOMA BAY,NDHIWA,V32F,41724101,MIROGI BOYS' HIGH SCHOOL,C2,PUBLIC,REGULAR,NONE,BOARDING,BOYS
110,NYANZA,HOMA BAY,NDHIWA,4TMF,41724102,MIROGI GIRLS SECONDARY SCHOOL,C2,PUBLIC,REGULAR,NONE,BOARDING,GIRLS
111,NYANZA,HOMA BAY,NDHIWA,L9QZ,41724002,RATANG'A SECONDARY SCHOOL,C2,PUBLIC,REGULAR,NONE,BOARDING,BOYS
112,NYANZA,HOMA BAY,RACHUONYO,DGBJ,41743203,DUDI GIRLS SECONDARY SCHOOL,C2,PUBLIC,REGULAR,NONE,BOARDING,GIRLS
113,NYANZA,HOMA BAY,REASCTHUONYO,ALAX,41743204,OBER SECONDARY SCHOOL,C2,PUBLIC,REGULAR,NONE,BOARDING,BOYS
114,NYANZA,HOMA BAY,REASCTHUONYO,RMFQ,41743205,OUR LADY OF MERCY RINGA BOYS SECONDARY,C2,PUBLIC,REGULAR,NONE,BOARDING,BOYS
115,NYANZA,HOMA BAY,REASCTHUONYO,3Z8U,41743101,WSCAHNOGO'LAPALA SECONDARY SCHOOL,C2,PUBLIC,REGULAR,NONE,BOARDING,BOYS
116,NYANZA,HOMA BAY,REASCTHUONYO,V9DR,41731101,GENDIA SECONDARY SCHOOL,C2,PUBLIC,REGULAR,NONE,BOARDING,BOYS
117,NYANZA,HOMA BAY,NRAOCRHTUONYO,4T7J,41731002,MAWEGO SECONDARY SCHOOL,C2,PUBLIC,REGULAR,NONE,BOARDING,GIRLS
118,NYANZA,HOMA BAY,RNAOCRHTUONYO,LWC7,41731303,ORIWO BOYS HIGH SCHOOL,C2,PUBLIC,REGULAR,NONE,BOARDING,BOYS
119,NYANZA,HOMA BAY,NRAONRGTWE,MAC3,41742103,KUOYO KOCHIA SECONDARY SCHOOL,C2,PUBLIC,REGULAR,NONE,BOARDING,BOYS
120,NYANZA,HOMA BAY,SUBA,V9BE,41709101,MOI GIRLS' SECONDARY SCHOOL - SINDO,C2,PUBLIC,REGULAR,NONE,BOARDING,GIRLS
121,NYANZA,HOMA BAY,SUBA,H4AK,41709203,ST.GABRIEL'S GWASSI GIRLS SECONDARY SCHOOL,C2,PUBLIC,REGULAR,NONE,BOARDING,GIRLS
122,NYANZA,HOMA BAY,SUBA,L8WJ,41709201,TONGA BOYS SECONDARY SCHOOL,C2,PUBLIC,REGULAR,NONE,BOARDING,BOYS
123,EASTERN,ISIOLO,GARBATULLA,WUBX,17322201,BISANADHI HIGH SCHOOL,C2,PUBLIC,REGULAR,NONE,BOARDING,Mixed
124,EASTERN,ISIOLO,ISIOLO,59YN,17306101,ISIOLO BOYS SECONDARY SCHOOL,C2,PUBLIC,REGULAR,NONE,BOARDING,BOYS
125,RIFT VALLEY,KAJIADO,KAJIADO NORTH,B76R,31557204,ENOOMATASIANI GIRLS SECONDARY SCHOOL,C2,PUBLIC,REGULAR,NONE,BOARDING,GIRLS
126,RIFT VALLEY,KAJIADO,KAJIADO NORTH,FJQQ,31557206,NAKEEL SECONDARY SCHOOL,C2,PUBLIC,REGULAR,NONE,BOARDING,BOYS
127,RIFT VALLEY,KAJIADO,KAJIADO WEST,LHJW,31573201,NAJILE BOYS SECONDARY SCHOOL,C2,PUBLIC,REGULAR,NONE,BOARDING,BOYS
128,RIFT VALLEY,KAJIADO,KAJIADO WEST,J3XU,31573106,OLOOSEOS GIRLS' SECONDARY SCHOOL,C2,PUBLIC,REGULAR,NONE,BOARDING,GIRLS
129,RIFT VALLEY,KAJIADO,KAJIADO WEST,K5MH,31573101,ST. BRIGID BARAKA OONTOYIE SECONDARY SCHOOL,C2,PUBLIC,REGULAR,NONE,BOARDING,GIRLS
130,RIFT VALLEY,KAJIADO,LOITOKITOK,SA3L,31545101,OLOITOKITOK SEC,C2,PUBLIC,INTERGRATE,VI,BOARDING,BOYS
131,RIFT VALLEY,KAJIADO,OLOILILAI,C468,31590403,KILUANI BOYS SECONDARY SCHOOL,C2,PUBLIC,DREGULAR,NONE,BOARDING,BOYS
132,WESTERN,KAKAMEGA,BUTERE,39UE,37608003,BUTERE BOYS HIGH SCHOOL,C2,PUBLIC,REGULAR,NONE,BOARDING,BOYS
133,WESTERN,KAKAMEGA,KAKAMEGA,AXQQ,37603005,BISHOP SULUMETI GIRLS SECONDARY SCHOOL,C2,PUBLIC,REGULAR,NONE,BOARDING,GIRLS
134,WESTERN,KAKAMEGA,CKEANKTARMAEGA,HUL8,37603105,SHIKOTI GIRLS SECONDARY SCHOOL,C2,PUBLIC,REGULAR,NONE,BOARDING,GIRLS
135,WESTERN,KAKAMEGA,CKEANKTARMAEGA EAST,5PD6,37616002,LIRHANDA GIRLS SECONDARY SCHOOL,C2,PUBLIC,REGULAR,NONE,BOARDING,GIRLS
136,WESTERN,KAKAMEGA,KAKAMEGA EAST,NG2C,37616020,SHANDEREMA SECONDARY SCHOOL,C2,PUBLIC,REGULAR,NONE,BOARDING,BOYS
137,WESTERN,KAKAMEGA,KAKAMEGA EAST,PRMM,37616001,ST. AGNES GIRLS HIGH SCHOOL - SHIBUYE,C2,PUBLIC,REGULAR,NONE,BOARDING,GIRLS
138,WESTERN,KAKAMEGA,KAKAMEGA EAST,NAK6,37616006,ST.IGNATIUS MUKUMU BOYS HIGH SCHOOL,C2,PUBLIC,REGULAR,NONE,BOARDING,BOYS
139,WESTERN,KAKAMEGA,KAKAMEGA EAST,FY4S,37616021,ST.PHILIPS MUKOMARI SECONDARY SCHOOL,C2,PUBLIC,REGULAR,NONE,BOARDING,GIRLS
140,WESTERN,KAKAMEGA,KAKAMEGA,QC7H,37614102,MALAVA BOYS HIGH SCHOOL,C2,PUBLIC,REGULAR,NONE,BOARDING,BOYS
141,WESTERN,KAKAMEGA,NKAOKRATMHEGA,GZHD,37615004,MUSOLI GIRLS HIGH SCHOOL,C2,PUBLIC,REGULAR,NONE,BOARDING,GIRLS
142,WESTERN,KAKAMEGA,KSOAUKTAHMEGA,YLCJ,37615009,SHIKUNGA SECONDARY SCHOOL,C2,PUBLIC,REGULAR,NONE,BOARDING,Mixed
143,WESTERN,KAKAMEGA,KSOAUKTAHMEGA,6LXZ,37615003,ST. THERESA'S EREGI GIRLS HIGH SCHOOL,C2,PUBLIC,REGULAR,NONE,BOARDING,GIRLS
144,WESTERN,KAKAMEGA,SKOHUWTIHSERO,YJ4E,37625106,MWIHILA HIGH SCHOOL,C2,PUBLIC,REGULAR,NONE,BOARDING,BOYS
145,WESTERN,KAKAMEGA,LIKUYANI,U9JL,37631401,MOI GIRLS' SECONDARY SCHOOL-NANGILI,C2,PUBLIC,REGULAR,NONE,BOARDING,GIRLS
146,WESTERN,KAKAMEGA,LIKUYANI,WP6L,37631302,ST JOHN THE BAPTIST LIKUYANI SECONDARY,C2,PUBLIC,REGULAR,NONE,BOARDING,BOYS
147,WESTERN,KAKAMEGA,LIKUYANI,GRC9,37631502,SSCTH.AONONLE'S NZOIA GIRLS' SECONDARY SCHOOL,C2,PUBLIC,REGULAR,NONE,BOARDING,GIRLS
148,WESTERN,KAKAMEGA,LUGARI,LLSD,37607201,ARCHBISHOP NJENGA GIRLS' HIGH SCHOOL,C2,PUBLIC,REGULAR,NONE,BOARDING,GIRLS
149,WESTERN,KAKAMEGA,LUGARI,CVE8,37607002,BISHOP SULUMETI GIRLS SECONDARY SCHOOL -,C2,PUBLIC,REGULAR,NONE,BOARDING,GIRLS
150,WESTERN,KAKAMEGA,LUGARI,TTW7,37607001,LUGMARKIANDA BOYS HIGH SCHOOL,C2,PUBLIC,REGULAR,NONE,BOARDING,BOYS
151,WESTERN,KAKAMEGA,LUGARI,DXB5,37607101,MAUTUMA SECONDARY SCHOOL,C2,PUBLIC,REGULAR,NONE,BOARDING,BOYS
152,WESTERN,KAKAMEGA,LUGARI,AKJE,37607103,ST CECILIA GIRLS MAUTUMA SECONDARY SCHOOL,C2,PUBLIC,INTERGRATE,VI,BOARDING,GIRLS
153,WESTERN,KAKAMEGA,LUGARI,VUTL,37607203,ST. PAUL'S LUGARI BOYS SECONDARY SCHOOL,C2,PUBLIC,RDEGULAR,NONE,BOARDING,BOYS
154,WESTERN,KAKAMEGA,MATETE,TVJC,37624002,KIVAYWA SECONDARY SCHOOL,C2,PUBLIC,REGULAR,NONE,BOARDING,BOYS
155,WESTERN,KAKAMEGA,MATUNGU,PLPZ,37627109,MARY SEAT OF WISDOM BULIMBO GIRLS,C2,PUBLIC,REGULAR,NONE,BOARDING,GIRLS
156,WESTERN,KAKAMEGA,MATUNGU,SPX2,37627112,SSTEC. MONATDHAIRAYS S KCHOLERA BOYS SECONDARY SCHOOL,C2,PUBLIC,REGULAR,NONE,BOARDING,BOYS
157,WESTERN,KAKAMEGA,MUMIAS EAST,GVVX,37634307,LUBINU BOYS HIGH SCHOOL,C2,PUBLIC,REGULAR,NONE,BOARDING,BOYS
158,WESTERN,KAKAMEGA,MUMIAS WEST,D83C,37617210,ST. MARY'S MUMIAS GIRLS HIGH SCHOOL,C2,PUBLIC,REGULAR,NONE,BOARDING,GIRLS
159,WESTERN,KAKAMEGA,NAVAKHOLO,3BBQ,37632101,CHEBUYUSI BOYS HIGH SCHOOL,C2,PUBLIC,REGULAR,NONE,BOARDING,BOYS
160,WESTERN,KAKAMEGA,NAVAKHOLO,EHRQ,37632304,INGOTSE HIGH SCHOOL,C2,PUBLIC,REGULAR,NONE,BOARDING,BOYS
161,RIFT VALLEY,KERICHO,BELGUT,KDS3,28553113,CHEPKOTON GIRLS SECONDARY SCHOOL,C2,PUBLIC,REGULAR,NONE,BOARDING,GIRLS
162,RIFT VALLEY,KERICHO,BELGUT,MX8H,28553102,CHEPTENYE SECONDARY SCHOOL,C2,PUBLIC,REGULAR,NONE,BOARDING,BOYS
163,RIFT VALLEY,KERICHO,BELGUT,J6ZD,28553104,KABOROK GIRLS HIGH SCHOOL,C2,PUBLIC,REGULAR,NONE,BOARDING,GIRLS
164,RIFT VALLEY,KERICHO,BELGUT,F87S,28553103,SOSIOT GIRLS' SECONDARY SCHOOL,C2,PUBLIC,REGULAR,NONE,BOARDING,GIRLS
165,RIFT VALLEY,KERICHO,BURETI,PBDU,28522508,CHEBORGE BOYS HIGH SCHOOL,C2,PUBLIC,REGULAR,NONE,BOARDING,BOYS
166,RIFT VALLEY,KERICHO,BURETI,UFNQ,28522511,CHEBORGE GIRLS SECONDARY SCHOOL,C2,PUBLIC,REGULAR,NONE,BOARDING,GIRLS
167,RIFT VALLEY,KERICHO,BURETI,3Q38,28522504,CHEBWAGAN BOYS SECONDARY SCHOOL,C2,PUBLIC,REGULAR,NONE,BOARDING,BOYS
168,RIFT VALLEY,KERICHO,BURETI,JE97,28522515,CHELILIS GIRLS SECONDARY SCHOOL,C2,PUBLIC,REGULAR,NONE,BOARDING,GIRLS
169,RIFT VALLEY,KERICHO,BURETI,QTZU,28522535,KIPTEWIT GIRLS HIGH SCHOOL,C2,PUBLIC,REGULAR,NONE,BOARDING,GIRLS
170,RIFT VALLEY,KERICHO,BURETI,8CMX,28522512,KORONGOI GIRLS' SECONDARY,C2,PUBLIC,REGULAR,NONE,BOARDING,GIRLS
171,RIFT VALLEY,KERICHO,KERICHO,5PA8,28512101,KERICHO HIGH SCHOOL,C2,PUBLIC,REGULAR,NONE,BOARDING,BOYS
172,RIFT VALLEY,KERICHO,KERICHO,7BRV,28512104,KERICHO TEA SECONDARY SCHOOL,C2,PUBLIC,REGULAR,NONE,BOARDING,BOYS
173,RIFT VALLEY,KERICHO,KIPKELION,6CG8,28539303,CHEPKECHEI SECONDARY SCHOOL,C2,PUBLIC,REGULAR,NONE,BOARDING,BOYS
174,RIFT VALLEY,KERICHO,KIPKELION,W4KX,28539105,KIPKELION GIRLS' HIGH,C2,PUBLIC,REGULAR,NONE,BOARDING,GIRLS
175,RIFT VALLEY,KERICHO,KIPKELION,33UP,28539202,LELU SECONDARY SCHOOL,C2,PUBLIC,REGULAR,NONE,BOARDING,Mixed
176,RIFT VALLEY,KERICHO,LONDIANI,NW57,28571201,LONDIANI BOYS SECONDARY SCHOOL,C2,PUBLIC,REGULAR,NONE,BOARDING,BOYS
177,RIFT VALLEY,KERICHO,LONDIANI,985L,28571202,LONDIANI GIRLS SECONDARY SCHOOL,C2,PUBLIC,REGULAR,NONE,BOARDING,GIRLS
178,RIFT VALLEY,KERICHO,LONDIANI,ZXXH,28571203,SACRED HILL GIRLS,C2,PUBLIC,REGULAR,NONE,BOARDING,GIRLS
179,RIFT VALLEY,KERICHO,SOIN SIGOWET,P59L,28575204,MOI KIPSITET GIRLS SECONDARY SCHOOL,C2,PUBLIC,REGULAR,NONE,BOARDING,GIRLS
180,RIFT VALLEY,KERICHO,SOIN SIGOWET,KLRD,28575203,SOLIAT BOYS' SECONDARY SCHOOL,C2,PUBLIC,REGULAR,NONE,BOARDING,BOYS
181,CENTRAL,KIAMBU,GATUNDU SOUTH,A4L4,11212102,DON BOSCO ITURU HIGH SCHOOL,C2,PUBLIC,REGULAR,NONE,BOARDING,BOYS
182,CENTRAL,KIAMBU,GATUNDU SOUTH,PJDG,11212108,KIMUNYU SECONDARY SCHOOL,C2,PUBLIC,REGULAR,NONE,BOARDING,BOYS
183,CENTRAL,KIAMBU,GATUNDU SOUTH,7P54,11212101,MUHOHO HIGH,C2,PUBLIC,REGULAR,NONE,BOARDING,BOYS
184,CENTRAL,KIAMBU,GATUNDU SOUTH,2FF4,11212103,MURURIA SECONDARY SCHOOL,C2,PUBLIC,REGULAR,NONE,BOARDING,BOYS
185,CENTRAL,KIAMBU,GATUNDU SOUTH,FCUS,11212114,MUTHIGA GIRLS' SECONDARY SCHOOL,C2,PUBLIC,REGULAR,NONE,BOARDING,GIRLS
186,CENTRAL,KIAMBU,GATUNDU SOUTH,KX84,11212106,REGINA CAELI GIRLS HIGH SCHOOL - KARINGA,C2,PUBLIC,REGULAR,NONE,BOARDING,GIRLS
187,CENTRAL,KIAMBU,GITHUNGURI,Y4PK,11232201,GITHIGA HIGH SCHOOL,C2,PUBLIC,REGULAR,NONE,BOARDING,BOYS
188,CENTRAL,KIAMBU,GITHUNGURI,L4HE,11232107,GITWE GIRLS SECONDARY SCHOOL,C2,PUBLIC,REGULAR,NONE,BOARDING,GIRLS
189,CENTRAL,KIAMBU,GITHUNGURI,G7AH,11232102,ST JOSEPH HIGH SCHOOL,C2,PUBLIC,REGULAR,NONE,BOARDING,BOYS
190,CENTRAL,KIAMBU,KABETE,ZDPW,11241012,KAHUHO UHURU HIGH SCHOOL,C2,PUBLIC,REGULAR,NONE,BOARDING,BOYS
191,CENTRAL,KIAMBU,KABETE,E3P4,11241002,KIRANGARI HIGH SCHOOL,C2,PUBLIC,REGULAR,NONE,BOARDING,BOYS
192,CENTRAL,KIAMBU,KABETE,RK92,11241001,MARY LEAKEY GIRLS' HIGH SCHOOL,C2,PUBLIC,REGULAR,NONE,BOARDING,GIRLS
193,CENTRAL,KIAMBU,KABETE,A3U7,11241015,UTHIRU GIRLS HIGH SCHOOL,C2,PUBLIC,REGULAR,NONE,BOARDING,GIRLS
194,CENTRAL,KIAMBU,KIAMBAA,GMUJ,11240107,MUTHURWA SECONDARY SCHOOL,C2,PUBLIC,REGULAR,NONE,BOARDING,GIRLS
195,CENTRAL,KIAMBU,KIAMBAA,CPV8,11240106,SENIOR CHIEF KOINANGE GIRLS HIGH SCHOOL,C2,PUBLIC,REGULAR,NONE,BOARDING,GIRLS
196,CENTRAL,KIAMBU,KIAMBU,W3S7,11205101,KANUNGA HIGH SCHOOL,C2,PUBLIC,REGULAR,NONE,BOARDING,BOYS
197,CENTRAL,KIAMBU,KIAMBU,SWV7,11205108,LORETO GIRLS HIGH SCHOOL KIAMBU,C2,PUBLIC,REGULAR,NONE,BOARDING,GIRLS
198,CENTRAL,KIAMBU,KIAMBU,HFVS,11205205,NDUMBERI GIRLS SECONDARY SCHOOL,C2,PUBLIC,REGULAR,NONE,BOARDING,GIRLS
199,CENTRAL,KIAMBU,KIKUYU,UV32,11230202,MOI GIRLS SECONDARY SCHOOL KAMANGU,C2,PUBLIC,REGULAR,NONE,BOARDING,GIRLS
200,CENTRAL,KIAMBU,LARI,SSJ3,11231104,GACHOIRE SECONDARY SCHOOL,C2,PUBLIC,REGULAR,NONE,BOARDING,GIRLS
201,CENTRAL,KIAMBU,LARI,5UJQ,11231207,KIJABE BOYS HIGH SCHOOL,C2,PUBLIC,REGULAR,NONE,BOARDING,BOYS
202,CENTRAL,KIAMBU,LARI,LSUC,11231208,KIJABE GIRLS HIGH SCHOOL,C2,PUBLIC,REGULAR,NONE,BOARDING,GIRLS
203,CENTRAL,KIAMBU,THIKA WEST,LGGA,11207108,CHANIA GIRLS' HIGH SCH,C2,PUBLIC,REGULAR,NONE,BOARDING,GIRLS
204,CENTRAL,KIAMBU,THIKA WEST,XS5M,11207102,M.P. SHAH CHANIA HIGH SCH,C2,PUBLIC,REGULAR,NONE,BOARDING,BOYS
205,COAST,KILIFI,CHONYI,REUG,4129201,LUTSANGANI,C2,PUBLIC,REGULAR,NONE,BOARDING,BOYS
206,COAST,KILIFI,GANZE,D8ZU,4116201,GODOMA SEC,C2,PUBLIC,REGULAR,NONE,BOARDING,BOYS
207,COAST,KILIFI,GANZE,VXDT,4116302,SOKOKE BOYS,C2,PUBLIC,REGULAR,NONE,BOARDING,BOYS
208,COAST,KILIFI,KALOLENI,7GK7,4111108,MOI KADZONZO GIRLS,C2,PUBLIC,REGULAR,NONE,BOARDING,GIRLS
209,COAST,KILIFI,KALOLENI,33DL,4111102,ST. JOHNS GIRLS,C2,PUBLIC,REGULAR,NONE,BOARDING,GIRLS
210,COAST,KILIFI,KALOLENI,9TYC,4111101,ST.GEORGES HIGH,C2,PUBLIC,REGULAR,NONE,BOARDING,BOYS
211,COAST,KILIFI,KILIFI NORTH,XVE4,04102114,ST THOMAS,C2,PUBLIC,REGULAR,NONE,BOARDING,GIRLS
212,COAST,KILIFI,MALINDI,RCEV,4107107,KAKONENI GIRLS,C2,PUBLIC,REGULAR,NONE,BOARDING,GIRLS
213,COAST,KILIFI,MALINDI,T2AT,4107105,NGALA MEMORIAL GIRLS',C2,PUBLIC,INTERGRATE,PH,BOARDING,GIRLS
214,CENTRAL,KIRINYAGA,KIRINYAGA,GZS5,9203403,KAMUIRU SECONDARY SCHOOL,C2,PUBLIC,DREGULAR,NONE,BOARDING,BOYS
215,CENTRAL,KIRINYAGA,CKEIRNITNRYA GA,97Q7,9203401,KERUGOYA BOYS HIGH SCHOOL,C2,PUBLIC,REGULAR,NONE,BOARDING,BOYS
216,CENTRAL,KIRINYAGA,CKEIRNITNRYA GA,D72F,9203404,NGARU GIRLS SECONDARY SCHOOL,C2,PUBLIC,REGULAR,NONE,BOARDING,GIRLS
217,CENTRAL,KIRINYAGA,CKEIRNITNRYA GA,PRFS,9203427,NJEGA BOYS SECONDARY SCHOOL,C2,PUBLIC,REGULAR,NONE,BOARDING,BOYS
218,CENTRAL,KIRINYAGA,CKEIRNITNRYA GA EAST,6YRH,9222303,KIAMUTUGU BOYS HIGH SCHOOL,C2,PUBLIC,REGULAR,NONE,BOARDING,BOYS
219,CENTRAL,KIRINYAGA,KIRINYAGA EAST,7JRS,9222104,MUGUMO GIRLS' SECONDARY SCHOOL,C2,PUBLIC,REGULAR,NONE,BOARDING,GIRLS
220,CENTRAL,KIRINYAGA,KIRINYAGA EAST,XUBS,9222301,NGIRIAMBU GIRLS SECONDARY SCHOOL,C2,PUBLIC,REGULAR,NONE,BOARDING,GIRLS
221,CENTRAL,KIRINYAGA,KIRINYAGA EAST,PC5F,9222202,ST MARYS KARUMANDI SECONDARY SCHOOL,C2,PUBLIC,REGULAR,NONE,BOARDING,BOYS
222,CENTRAL,KIRINYAGA,KIRINYAGA EAST,N79J,9222204,ST. BAKHITA KIBURIA GIRLS' SECONDARY SCHOOL,C2,PUBLIC,REGULAR,NONE,BOARDING,GIRLS
223,CENTRAL,KIRINYAGA,KIRINYAGA WEST,V7WV,9223103,KIBURU SECONDARY SCHOOL,C2,PUBLIC,REGULAR,NONE,BOARDING,BOYS
224,CENTRAL,KIRINYAGA,KIRINYAGA WEST,T7YP,9223202,KIINE GIRLS' SECONDARY SCHOOL,C2,PUBLIC,REGULAR,NONE,BOARDING,GIRLS
225,CENTRAL,KIRINYAGA,KIRINYAGA WEST,JXF2,9223204,MUKANGU BOYS SECONDARY SCHOOL,C2,PUBLIC,REGULAR,NONE,BOARDING,BOYS
226,CENTRAL,KIRINYAGA,KIRINYAGA WEST,BNA4,9223105,ST. RITA KIARAGANA GIRLS SECONDARY SCHOOL,C2,PUBLIC,REGULAR,NONE,BOARDING,GIRLS
227,CENTRAL,KIRINYAGA,MWEA EAST,YY4C,9224201,KAROTI GIRLS HIGH SCHOOL,C2,PUBLIC,REGULAR,NONE,BOARDING,GIRLS
228,CENTRAL,KIRINYAGA,MWEA WEST,RU4Y,9239105,ST. MARY'S MWEA GIRLS SECONDARY SCHOOL,C2,PUBLIC,REGULAR,NONE,BOARDING,GIRLS
229,NYANZA,KISII,GUCHA,GJKJ,40711101,SENGERA GIRLS,C2,PUBLIC,REGULAR,NONE,BOARDING,GIRLS
230,NYANZA,KISII,KISII CENTRAL,JJEN,40703403,NYAMAGWA SDA SECONDARY SCHOOL,C2,PUBLIC,REGULAR,NONE,BOARDING,Mixed
231,NYANZA,KISII,KISII CENTRAL,WKA9,40703102,NYANCHWA BOYS HIGH SCHOOL,C2,PUBLIC,REGULAR,NONE,BOARDING,BOYS
232,NYANZA,KISII,KISII CENTRAL,TPTB,40703118,NYANCHWA GIRLS SECONDARY SCHOOL,C2,PUBLIC,REGULAR,NONE,BOARDING,GIRLS
233,NYANZA,KISII,KISII SOUTH,KNA9,40716122,BISHOP CHARLES MUGENDI SECONDARY SCHOOL,C2,PUBLIC,REGULAR,NONE,BOARDING,Mixed
234,NYANZA,KISII,KISII SOUTH,WRF2,40716101,E L C K ITIERIO BOYS HIGH SCHOOL,C2,PUBLIC,REGULAR,NONE,BOARDING,BOYS
235,NYANZA,KISII,KISII SOUTH,EA8C,40716118,E L C K ITIERIO GIRLS SECONDARY SCHOOL,C2,PUBLIC,REGULAR,NONE,BOARDING,GIRLS
236,NYANZA,KISII,KISII SOUTH,7YPR,40716119,NYANGOGE GIRLS SECONDARYSCHOOL,C2,PUBLIC,REGULAR,NONE,BOARDING,GIRLS
237,NYANZA,KISII,KISII SOUTH,M99J,40716103,ST.PAUL'S IGONGA SECONDARY SCHOOL,C2,PUBLIC,REGULAR,NONE,BOARDING,BOYS
238,NYANZA,KISII,KISII SOUTH,A3DZ,40716102,SUNEKA SECONDARY SCHOOL,C2,PUBLIC,REGULAR,NONE,BOARDING,GIRLS
239,NYANZA,KISII,KITUTU CENTRAL,UGGS,40745101,CARDINAL OTUNGA HIGH SCHOOL-MOSOCHO,C2,PUBLIC,REGULAR,NONE,BOARDING,BOYS
240,NYANZA,KISII,MARANI,QKPB,40723201,ITIBO BOYS HIGH SCHOOL,C2,PUBLIC,REGULAR,NONE,BOARDING,BOYS
241,NYANZA,KISII,MARANI,9NYV,40723203,ITIBO GIRLS SECONDARY SCHOOL,C2,PUBLIC,REGULAR,NONE,BOARDING,GIRLS
242,NYANZA,KISII,NYAMACHE,4L54,40732120,NYABISASE MIXED SECONDARY SCHOOL,C2,PUBLIC,REGULAR,NONE,BOARDING,Mixed
243,NYANZA,KISII,NYAMACHE,F52Y,40732114,NYAMACHE SECONDARY SCHOOL,C2,PUBLIC,REGULAR,NONE,BOARDING,BOYS
244,NYANZA,KISII,NYAMACHE,D7GH,40732129,RIAMBASE DEB SECONDARY SCHOOL,C2,PUBLIC,REGULAR,NONE,BOARDING,Mixed
245,NYANZA,KISII,NYAMACHE,LN45,40732206,ST. THERESA'S NYANGUSU GIRLS SECONDARY,C2,PUBLIC,REGULAR,NONE,BOARDING,GIRLS
246,NYANZA,KISII,SAMETA,BGB6,40740102,SSACHMOEOTLA HIGH SCHOOL,C2,PUBLIC,REGULAR,NONE,BOARDING,BOYS
247,NYANZA,KISII,SAMETA,HWNZ,40740104,ST. MARY'S NYAMAGWA GIRLS SECONDARY SCHOOL,C2,PUBLIC,REGULAR,NONE,BOARDING,GIRLS
248,NYANZA,KISII,SAMETA,WZRY,40740101,ST.JOHNS NYAMAGWA BOYS,C2,PUBLIC,REGULAR,NONE,BOARDING,BOYS
249,NYANZA,KISII,SOUTH GUCHA,5NKQ,40719101,NDURU BOYS HIGH SCHOOL,C2,PUBLIC,REGULAR,NONE,BOARDING,BOYS
250,NYANZA,KISII,SOUTH GUCHA,WWWM,40719107,NDURU GIRLS' SECONDARY SCHOOL,C2,PUBLIC,REGULAR,NONE,BOARDING,GIRLS
251,NYANZA,KISII,SOUTH GUCHA,W2B8,40719103,ST.JOSEPH'S NYABIGENA BOYS SECONDARY SCHOOL,C2,PUBLIC,REGULAR,NONE,BOARDING,BOYS
252,NYANZA,KISII,SOUTH GUCHA,K26Q,40719301,TABAKA SECONDARY SCHOOL,C2,PUBLIC,REGULAR,NONE,BOARDING,BOYS
253,NYANZA,KISII,SOUTH MASABA,W7YB,40735206,MOBAMBA SECONDARY SCHOOL,C2,PUBLIC,REGULAR,NONE,BOARDING,Mixed
254,NYANZA,KISII,SOUTH MASABA,4258,40735101,MOI GESUSU HIGH SCHOOL,C2,PUBLIC,REGULAR,NONE,BOARDING,BOYS
255,NYANZA,KISII,SOUTH MASABA,8K8X,40735111,ST LUKE`S EKWARE SECONDARY SCHOOL,C2,PUBLIC,REGULAR,NONE,BOARDING,Mixed
256,NYANZA,KISII,SOUTH MASABA,DSSX,40735201,ST. CHARLES LWANGA ICHUNI GIRLS HIGH SCHOOL,C2,PUBLIC,REGULAR,NONE,BAORDING,GIRLS
257,NYANZA,KISUMU,KADIBO,REHN,39750003,MIGINGO GIRLS SECONDARY SCHOOL,C2,PUBLIC,REGULAR,NONE,BOARDING,GIRLS
258,NYANZA,KISUMU,KADIBO,PSHM,39750001,OTIENO OYOO SECONDARY SCHOOL,C2,PUBLIC,REGULAR,NONE,BOARDING,BOYS
259,NYANZA,KISUMU,KISUMU,T9DV,39741007,ST.TERESA'S GIRLS SECONDARY SCHOOL,C2,PUBLIC,REGULAR,NONE,BOARDING,GIRLS
260,NYANZA,KISUMU,CKEISNUTMRUA LWEST,PKUL,39737022,CHULAIMBO SECONDARY SCHOOL,C2,PUBLIC,REGULAR,NONE,BOARDING,BOYS
261,NYANZA,KISUMU,MUHORONI,KCV8,39734401,ACHEGO GIRLS SECONDARY SCHOOL,C2,PUBLIC,REGULAR,NONE,BOARDING,GIRLS
262,NYANZA,KISUMU,MUHORONI,PCWX,39734312,MIWANI SECONDARY SCHOOL,C2,PUBLIC,REGULAR,NONE,BOARDING,BOYS
263,NYANZA,KISUMU,MUHORONI,YE7X,39734408,ST. STEPHEN'S MENARA SECONDARY SCHOOL,C2,PUBLIC,REGULAR,NONE,BOARDING,BOYS
264,NYANZA,KISUMU,MUHORONI,BH62,39734402,ST.GREGORY KORU GIRLS HIGH SCHOOL,C2,PUBLIC,REGULAR,NONE,BOARDING,GIRLS
265,NYANZA,KISUMU,NYAKACH,Z4BY,39733108,ACK RAE GIRLS HIGH SCHOOL,C2,PUBLIC,REGULAR,NONE,BOARDING,GIRLS
266,NYANZA,KISUMU,NYAKACH,48TF,39733212,NYABONDO HIGH SCHOOL,C2,PUBLIC,REGULAR,NONE,BOARDING,BOYS
267,NYANZA,KISUMU,NYAKACH,LK5X,39733216,SIGOTI COMPLEX GIRLS SECONDARY SCHOOL,C2,PUBLIC,REGULAR,NONE,BOARDING,GIRLS
268,NYANZA,KISUMU,NYAKACH,BSHQ,39733307,THURDIBUORO MIXED SECONDARY SCHOOL,C2,PUBLIC,REGULAR,NONE,BOARDING,Mixed
269,NYANZA,KISUMU,NYANDO,A7HA,39713001,AHERO GIRLS SECONDARY SCHOOL,C2,PUBLIC,INTERGRATE,VI,BOARDING,GIRLS
270,NYANZA,KISUMU,NYANDO,YXVQ,39713006,ONJIKO HIGH SCHOOL,C2,PUBLIC,RDEGULAR,NONE,BOARDING,BOYS
271,NYANZA,KISUMU,SEME,VPFW,39714101,NGERE HIGH SCHOOL,C2,PUBLIC,REGULAR,NONE,BOARDING,BOYS
272,NYANZA,KISUMU,SEME,AVJD,39714106,ST. BARNABAS GIRLS' SECONDARY SCHOOL,C2,PUBLIC,REGULAR,NONE,BOARDING,GIRLS
273,EASTERN,KITUI,IKUTHA,GNHY,13357101,IKUTHA BOYS SECONDARY SCHOOL,C2,PUBLIC,REGULAR,NONE,BOARDING,BOYS
274,EASTERN,KITUI,IKUTHA,4EDY,13357102,IKUTHA GIRLS SECONDARY SCHOOL,C2,PUBLIC,REGULAR,NONE,BOARDING,GIRLS
275,EASTERN,KITUI,KATULANI,EU9S,13353102,ITOLEKA SECONDARY SCHOOL,C2,PUBLIC,REGULAR,NONE,BOARDING,GIRLS
276,EASTERN,KITUI,KATULANI,CTAK,13353301,MALIKU GIRLS' SECONDARY SCHOOL,C2,PUBLIC,REGULAR,NONE,BOARDING,GIRLS
277,EASTERN,KITUI,KATULANI,GLL3,13353201,MULANGO GIRLS HIGH SCHOOL,C2,PUBLIC,REGULAR,NONE,BOARDING,GIRLS
278,EASTERN,KITUI,KISASI,V7QY,13354101,KISASI SECONDARY SCHOOL,C2,PUBLIC,REGULAR,NONE,BOARDING,BOYS
279,EASTERN,KITUI,KISASI,FF4C,13354201,MBITINI GIRLS' SECONDARY SCHOOL,C2,PUBLIC,REGULAR,NONE,BOARDING,GIRLS
280,EASTERN,KITUI,KITUI CENTRAL,PBUR,13302105,ST THOMAS AQUINAS KALAWA,C2,PUBLIC,REGULAR,NONE,BOARDING,BOYS
281,EASTERN,KITUI,KITUI CENTRAL,PRLR,13302107,ST URSULA GIRLS' -TUNGUTU,C2,PUBLIC,REGULAR,NONE,BOARDING,GIRLS
282,EASTERN,KITUI,KITUI CENTRAL,DRB3,13302103,ST. ANGELA'S GIRLS,C2,PUBLIC,REGULAR,NONE,BOARDING,GIRLS
283,EASTERN,KITUI,KITUI CENTRAL,UF25,13302108,ST.MONICA GIRLS MULUTU,C2,PUBLIC,INTERGRATE,VI,BOARDING,GIRLS
284,EASTERN,KITUI,KITUI WEST,E7JF,13331204,KATHEKA BOYS' SECONDARY SCHOOL,C2,PUBLIC,RDEGULAR,NONE,BOARDING,BOYS
285,EASTERN,KITUI,KITUI WEST,DV6J,13331205,KYONDONI GIRLS SECONDARY SCHOOL,C2,PUBLIC,REGULAR,NONE,BOARDING,GIRLS
286,EASTERN,KITUI,KITUI WEST,GP67,13331201,MUTONGUNI SECONDARY,C2,PUBLIC,REGULAR,NONE,BOARDING,BOYS
287,EASTERN,KITUI,KYUSO,ZAQR,13328101,KYUSO SECONDARY SCHOOL,C2,PUBLIC,REGULAR,NONE,BOARDING,BOYS
288,EASTERN,KITUI,LOWER YATTA,4BEA,13344101,ST LUKES YATTA SECONDARY SCHOOL,C2,PUBLIC,REGULAR,NONE,BOARDING,BOYS
289,EASTERN,KITUI,MATINYANI,DV7A,13360101,MATINYANI SECONDARY SCHOOL,C2,PUBLIC,REGULAR,NONE,BOARDING,BOYS
290,EASTERN,KITUI,MUTITU NORTH,W87N,13365101,MUTITO BOYS SECONDARY SCHOOL,C2,PUBLIC,REGULAR,NONE,BOARDING,BOYS
291,EASTERN,KITUI,MUTITU NORTH,NVQC,13365102,ST. MARY'S MUTITO GIRLS SECONDARY,C2,PUBLIC,REGULAR,NONE,BOARDING,GIRLS
292,EASTERN,KITUI,MUTITU',23CX,13332102,A.I.C SOMBE GIRLS SECONDARY SCHOOL,C2,PUBLIC,REGULAR,NONE,BOARDING,GIRLS
293,EASTERN,KITUI,MUTOMO,XV4B,13317101,MUTOMO GIRLS SEC,C2,PUBLIC,REGULAR,NONE,BOARDING,GIRLS
294,EASTERN,KITUI,MWINGI,SSQ9,13310102,MWINGI SECONDARY SCHOOL,C2,PUBLIC,REGULAR,NONE,BOARDING,BOYS
295,EASTERN,KITUI,CMEWNITNRGAIL,ZD2Y,13310201,WAITA SECONDARY SCHOOL,C2,PUBLIC,REGULAR,NONE,BOARDING,MIXED
296,EASTERN,KITUI,CMEWNITNRGAIL,E5CH,13310103,YAMBYU GIRLS,C2,PUBLIC,REGULAR,NONE,BOARDING,GIRLS
297,EASTERN,KITUI,MCEWNITNRGAIL EAST,34BB,13338202,ST. TERESA'S UKASI GIRLS' SECONDARY SCHOOL,C2,PUBLIC,REGULAR,NONE,BOARDING,GIRLS
298,EASTERN,KITUI,MWINGI WEST,ZJCW,13339101,A I C KYOME BOYS SECONDARY SCHOOL,C2,PUBLIC,REGULAR,NONE,BOARDING,BOYS
299,EASTERN,KITUI,MWINGI WEST,KATQ,13339103,A I C KYOME GIRLS SECONDARY SCHOOL,C2,PUBLIC,REGULAR,NONE,BOARDING,GIRLS
300,EASTERN,KITUI,MWINGI WEST,9PLY,13339106,ITOLONI GIRLS SECONDARY SCHOOL,C2,PUBLIC,REGULAR,NONE,BOARDING,GIRLS
301,EASTERN,KITUI,MWINGI WEST,BHJY,13339107,KYAMBOO SECONDARY SCHOOL,C2,PUBLIC,REGULAR,NONE,BOARDING,MIXED
302,EASTERN,KITUI,MWINGI WEST,US98,13339102,MIGWANI SECONDARY SCHOOL,C2,PUBLIC,REGULAR,NONE,BOARDING,BOYS
303,EASTERN,KITUI,MWINGI WEST,KSBL,13339108,MUSUANI SECONDARY SCHOOL,C2,PUBLIC,REGULAR,NONE,BOARDING,MIXED
304,EASTERN,KITUI,MWINGI WEST,C2B8,13339201,NGUUTANI SECONDARY SCHOOL,C2,PUBLIC,REGULAR,NONE,BOARDING,BOYS
305,EASTERN,KITUI,MWINGI WEST,KTAZ,13339105,NZAUNI SECONDARY SCHOOL,C2,PUBLIC,REGULAR,NONE,BOARDING,MIXED
306,EASTERN,KITUI,MWINGI WEST,YNLN,13339301,NZELUNI GIRLS SECONDARY SCHOOL,C2,PUBLIC,REGULAR,NONE,BOARDING,GIRLS
307,EASTERN,KITUI,MWINGI WEST,VSYQ,13339204,THITANI SECONDARY SCHOOL,C2,PUBLIC,REGULAR,NONE,BOARDING,GIRLS
308,EASTERN,KITUI,NZAMBANI,HHC8,13351102,CHULUNI GIRLS' SECONDARY,C2,PUBLIC,REGULAR,NONE,BOARDING,GIRLS
309,EASTERN,KITUI,NZAMBANI,MKZM,13351101,ST.PETER'S NZAMBANI BOYS SEC,C2,PUBLIC,REGULAR,NONE,BOARDING,BOYS
310,EASTERN,KITUI,THAGICU,QMSC,13366101,GANKANGA SECONDARY SCHOOL,C2,PUBLIC,REGULAR,NONE,BOARDING,MIXED
311,COAST,KWALE,LUNGA LUNGA,JDQS,2123304,FRANZ JOSEF SECONDARY SCHOOL,C2,PUBLIC,REGULAR,NONE,BOARDING,GIRLS
312,COAST,KWALE,MATUGA,LBB7,2105109,KWALE GIRLS SEC,C2,PUBLIC,REGULAR,NONE,BOARDING,GIRLS
313,COAST,KWALE,MATUGA,CCC6,2105108,WAA GIRLS SEC,C2,PUBLIC,REGULAR,NONE,BOARDING,GIRLS
314,COAST,KWALE,MSAMBWENI,CP3K,2110210,KINGWEDE GIRLS SECONDARY SCHOOL,C2,PUBLIC,REGULAR,NONE,BOARDING,GIRLS
315,COAST,KWALE,MSAMBWENI,2PVY,2110201,MSAMBWENI SECONDARY SCHOOL,C2,PUBLIC,REGULAR,NONE,BOARDING,BOYS
316,COAST,KWALE,SAMBURU,HYG6,2127103,MAZERAS GIRLS MEMORIAL SECONDARY SCHOOL,C2,PUBLIC,REGULAR,NONE,BOARDING,GIRLS
317,COAST,KWALE,SAMBURU,MDLC,2127102,MAZERAS HIGH SCHOOL,C2,PUBLIC,REGULAR,NONE,BOARDING,BOYS
318,COAST,KWALE,SAMBURU,GBPD,2127101,TARU SECONDARY SCHOOL,C2,PUBLIC,REGULAR,NONE,BOARDING,BOYS
319,COAST,KWALE,SHIMBA HILLS,ELUJ,2131101,SHIMBA HILLS SECONDARY SCHOOL,C2,PUBLIC,REGULAR,NONE,BOARDING,MIXED
320,RIFT VALLEY,LAIKIPIA,KIRIMA,V33U,30586201,MWENJE MIXED SECONDARY SCHOOL,C2,PUBLIC,REGULAR,NONE,BOARDING,BOYS
321,RIFT VALLEY,LAIKIPIA,KIRIMA,WP2S,30586203,NJORUA HIGH SCHOOL,C2,PUBLIC,REGULAR,NONE,BOARDING,GIRLS
322,RIFT VALLEY,LAIKIPIA,LAIKIPIA,E9NR,30555101,ST. JOSEPH TIGITHI BOYS HIGH SCHOOL,C2,PUBLIC,REGULAR,NONE,BOARDING,BOYS
323,RIFT VALLEY,LAIKIPIA,LCAENIKTIRPAIAL EAST,PLKV,30514106,LOISE NANYUKI GIRLS' SECONDARY SCHOOL,C2,PUBLIC,REGULAR,NONE,BOARDING,GIRLS
324,RIFT VALLEY,LAIKIPIA,LAIKIPIA EAST,X668,30514104,ST JUDE NTURUKUMA SECONDARY SCHOOL,C2,PUBLIC,REGULAR,NONE,BOARDING,GIRLS
325,RIFT VALLEY,LAIKIPIA,LAIKIPIA NORTH,NJRC,30543101,DOLDOL SECONDARY SCHOOL,C2,PUBLIC,REGULAR,NONE,BOARDING,BOYS
326,RIFT VALLEY,LAIKIPIA,LAIKIPIA NORTH,GM6G,30543102,ST FRANCIS GIRLS SECONDARY SCHOOL,C2,PUBLIC,REGULAR,NONE,BOARDING,GIRLS
327,RIFT VALLEY,LAIKIPIA,LAIKIPIA WEST,BHG3,30544201,NGUMO BOYS SECONDARY SCHOOL,C2,PUBLIC,REGULAR,NONE,BOARDING,BOYS
328,RIFT VALLEY,LAIKIPIA,NYAHURURU,ATPY,30556303,NDURURI SECONDARY SCHOOL,C2,PUBLIC,REGULAR,NONE,BOARDING,Mixed
329,COAST,LAMU,LAMU CENTRAL,R57M,06130101,LAMU BOYS SECONDARY SCHOOL,C2,PUBLIC,REGULAR,NONE,BOARDING,BOYS
330,EASTERN,MACHAKOS,KALAMA,EQ2L,12363111,KITONYINI HIGH SCHOOL,C2,PUBLIC,REGULAR,NONE,BOARDING,MIXED
331,EASTERN,MACHAKOS,KALAMA,E2NB,12363103,NYAYO A.I.C GIRLS SECONDARY SCHOOL,C2,PUBLIC,REGULAR,NONE,BOARDING,GIRLS
332,EASTERN,MACHAKOS,KANGUNDO,L7PV,12316101,KANGUNDO HIGH SCHOOL,C2,PUBLIC,REGULAR,NONE,BOARDING,BOYS
333,EASTERN,MACHAKOS,KANGUNDO,3887,12316104,ST. FRANCIS MISYANI GIRLS HIGH SCHOOL,C2,PUBLIC,REGULAR,NONE,BOARDING,GIRLS
334,EASTERN,MACHAKOS,KATHIANI,GBXD,12329103,KATHIANI HIGH SCHOOL,C2,PUBLIC,REGULAR,NONE,BOARDING,BOYS
335,EASTERN,MACHAKOS,MACHAKOS,D38G,12301704,MUA HILLS SECONDARY SCHOOL,C2,PUBLIC,REGULAR,NONE,BOARDING,GIRLS
336,EASTERN,MACHAKOS,MACHAKOS,LX2X,12301734,MUMBUNI GIRLS' SCHOOL,C2,PUBLIC,REGULAR,NONE,BOARDING,GIRLS
337,EASTERN,MACHAKOS,MACHAKOS,P43T,12301703,MUMBUNI HIGH SCHOOL,C2,PUBLIC,REGULAR,NONE,BOARDING,BOYS
338,EASTERN,MACHAKOS,MACHAKOS,5WCV,12301710,NGELANI HIGH SCHOOL,C2,PUBLIC,REGULAR,NONE,BOARDING,BOYS
339,EASTERN,MACHAKOS,MASINGA,X5A4,12343301,MASINGA BOYS SECONDARY SCHOOL,C2,PUBLIC,REGULAR,NONE,BOARDING,BOYS
340,EASTERN,MACHAKOS,MASINGA,59TM,12343302,ST. JOSEPHINE BAKHITA MASINGA GIRLS' HIGH,C2,PUBLIC,REGULAR,NONE,BOARDING,GIRLS
341,EASTERN,MACHAKOS,MATUNGULU,F2U6,12345503,SMCAHTOUONLGULU GIRLS SCHOOL,C2,PUBLIC,REGULAR,NONE,BOARDING,GIRLS
342,EASTERN,MACHAKOS,MATUNGULU,CET5,12345504,SENGANI SECONDARY SCHOOL,C2,PUBLIC,REGULAR,NONE,BOARDING,GIRLS
343,EASTERN,MACHAKOS,MATUNGULU,DJ69,12345508,TALA GIRLS SECONDARY SCHOOL,C2,PUBLIC,REGULAR,NONE,BOARDING,GIRLS
344,EASTERN,MACHAKOS,MWALA,2L4Z,12314201,KABAA HIGH SCHOOL,C2,PUBLIC,REGULAR,NONE,BOARDING,BOYS
345,EASTERN,MACHAKOS,MWALA,PLJ3,12314101,MASII BOYS HIGH SCHOOL,C2,PUBLIC,REGULAR,NONE,BOARDING,BOYS
346,EASTERN,MACHAKOS,MWALA,J2RJ,12314114,MASII GIRLS' SECONDARY SCHOOL,C2,PUBLIC,REGULAR,NONE,BOARDING,GIRLS
347,EASTERN,MACHAKOS,MWALA,7QP9,12314103,MUTHETHENI GIRLS' SECONDARY SCHOOL,C2,PUBLIC,REGULAR,NONE,BOARDING,GIRLS
348,EASTERN,MACHAKOS,MWALA,3CVG,12314106,VYULYA GIRLS' SECONDARY SCHOOL,C2,PUBLIC,REGULAR,NONE,BOARDING,GIRLS
349,EASTERN,MAKUENI,KATHONZWENI,RW5X,18335201,ST. MARTIN KATHONZWENI SCHOOL,C2,PUBLIC,REGULAR,NONE,BOARDING,BOYS
350,EASTERN,MAKUENI,KIBWEZI,CEK8,18325201,KALULINI BOYS' HIGH SCHOOL,C2,PUBLIC,INTERGRATE,PH,BOARDING,BOYS
351,EASTERN,MAKUENI,KILUNGU,ALYV,18336102,ST.THOMAS AQUINAS BOYS THOMEANDU,C2,PUBLIC,RDEGULAR,NONE,BOARDING,BOYS
352,EASTERN,MAKUENI,MAKINDU,8PR7,18348112,MSEOCIO GNIRDLASR SYE SCCOHNDARY SCHOOL - KIBWEZI,C2,PUBLIC,REGULAR,NONE,BOARDING,GIRLS
353,EASTERN,MAKUENI,MAKINDU,G664,18348101,ST. STEPHEN MAKINDU BOYS SECONDARY SCHOOL,C2,PUBLIC,REGULAR,NONE,BOARDING,BOYS
354,EASTERN,MAKUENI,MAKUENI,LTKV,18307201,KAUMONI BOYS SECONDARY SCHOOL,C2,PUBLIC,REGULAR,NONE,BOARDING,BOYS
355,EASTERN,MAKUENI,MAKUENI,8AQX,18307105,MWAANI BOYS' SECONDARY SCHOOL,C2,PUBLIC,REGULAR,NONE,BOARDING,BOYS
356,EASTERN,MAKUENI,MAKUENI,LXRN,18307103,MWAANI GIRLS SECONDARY SCHOOL,C2,PUBLIC,REGULAR,NONE,BOARDING,GIRLS
357,EASTERN,MAKUENI,MAKUENI,NHPC,18307202,UKIA GIRLS' SECONDARY SCHOOL,C2,PUBLIC,REGULAR,NONE,BOARDING,GIRLS
358,EASTERN,MAKUENI,MBOONI EAST,MY29,18346205,KALAWA SECONDARY SCHOOL,C2,PUBLIC,REGULAR,NONE,BOARDING,BOYS
359,EASTERN,MAKUENI,MBOONI EAST,X2HR,18346101,KITONDO SECONDARY SCHOOL,C2,PUBLIC,REGULAR,NONE,BOARDING,BOYS
360,EASTERN,MAKUENI,NZAUI,U6HW,18324206,BARAZANI GIRLS' HIGH SCHOOL,C2,PUBLIC,REGULAR,NONE,BOARDING,GIRLS
361,EASTERN,MAKUENI,NZAUI,4MSG,18324205,NGOTO BOYS HIGH SCHOOL,C2,PUBLIC,REGULAR,NONE,BOARDING,BOYS
362,NORTH EASTERN,MANDERA,BANISA,VWBL,47817101,WAYAM SECONDARY SCHOOL,C2,PUBLIC,REGULAR,NONE,BOARDING,BOYS
363,NORTH EASTERN,MANDERA,MANDERA,YJTQ,47812204,LIBIN NOMADIC GIRLS SEC,C2,PUBLIC,REGULAR,NONE,BOARDING,GIRLS
364,NORTH EASTERN,MANDERA,NMOARNTDHERA,JHQS,47812101,SHEIKH ALI HIGH SCHOOL,C2,PUBLIC,REGULAR,NONE,BOARDING,BOYS
365,NORTH EASTERN,MANDERA,MNOARNTDHERA WEST,R94H,47810103,TAKABA GIRLS,C2,PUBLIC,REGULAR,NONE,BOARDING,BOYS
366,EASTERN,MARSABIT,CHALBI,M6M7,16320302,CHALBI BOYS' HIGH SCHOOL,C2,PUBLIC,REGULAR,NONE,BOARDING,BOYS
367,EASTERN,MARSABIT,LOIYANGALANI,BZCX,16359101,LOIYANGALANI SECONDARY SCHOOL,C2,PUBLIC,REGULAR,NONE,BOARDING,Mixed
368,EASTERN,MARSABIT,MARSABIT,5BRU,16305101,MARSABIT BOYS HIGH SCHOOL,C2,PUBLIC,REGULAR,NONE,BOARDING,BOYS
369,EASTERN,MARSABIT,MARSABIT,ZX6F,16305202,SASURA GIRLS' SECONDARY SCHOOL,C2,PUBLIC,REGULAR,NONE,BOARDING,GIRLS
370,EASTERN,MARSABIT,MOYALE,969V,16311102,MOYALE GIRLS SECONDARY SCHOOL,C2,PUBLIC,REGULAR,NONE,BOARDING,GIRLS
371,EASTERN,MARSABIT,SOLOLO,3ED5,16340202,DR.GURRACHA MEMORIAL GIRLS SECONDARY,C2,PUBLIC,REGULAR,NONE,BOARDING,GIRLS
372,EASTERN,MARSABIT,SOLOLO,UAJQ,16340201,SSOCHLOLOOL MIXED DAY / BOARDING HIGH  SCHOOL,C2,PUBLIC,REGULAR,NONE,BOARDING,Mixed
373,EASTERN,MERU,ABOGETA,Z8TH,15369201,KANYAKINE HIGH SCHOOL,C2,PUBLIC,REGULAR,NONE,BOARDING,BOYS
374,EASTERN,MERU,ABOGETA,Q3VK,15369221,MARAA SECONDARY SCHOOL,C2,PUBLIC,REGULAR,NONE,BOARDING,GIRLS
375,EASTERN,MERU,ABOGETA,85DM,15369205,YURURU GIRLS' SECONDARY SCHOOL,C2,PUBLIC,REGULAR,NONE,BOARDING,GIRLS
376,EASTERN,MERU,BUURI EAST,UNMW,15364301,KIBIRICHIA BOYS SECONDARY SCHOOL,C2,PUBLIC,REGULAR,NONE,BOARDING,BOYS
377,EASTERN,MERU,BUURI EAST,S5H5,15364302,KIBIRICHIA GIRLS SECONDARY SCHOOL,C2,PUBLIC,REGULAR,NONE,BOARDING,GIRLS
378,EASTERN,MERU,BUURI EAST,2VU4,15364204,RUIRI GIRLS SECONDARY SCHOOL,C2,PUBLIC,REGULAR,NONE,BOARDING,GIRLS
379,EASTERN,MERU,BUURI WEST,84UW,15334102,ONTULILI BOYS SECONDARY SCHOOL,C2,PUBLIC,REGULAR,NONE,BOARDING,BOYS
380,EASTERN,MERU,IGEMBE CENTRAL,5U7T,15362102,BISHOP NJIRU GIRLS' KANGETA,C2,PUBLIC,REGULAR,NONE,BOARDING,GIRLS
381,EASTERN,MERU,IGEMBE CENTRAL,XMKP,15362101,BURIERURI BOYS SECONDARY SCHOOL,C2,PUBLIC,REGULAR,NONE,BOARDING,BOYS
382,EASTERN,MERU,IGEMBE CENTRAL,588A,15362103,NJIA BOYS SECONDARY SCHOOL,C2,PUBLIC,REGULAR,NONE,BOARDING,BOYS
383,EASTERN,MERU,IGEMBE NORTH,M2PR,15337301,NTUNENE GIRLS SECONDARY SCHOOL,C2,PUBLIC,REGULAR,NONE,BOARDING,GIRLS
384,EASTERN,MERU,IGEMBE SOUTH,TZRM,15309301,IGEMBE BOYS' SECONDARY SCHOOL,C2,PUBLIC,REGULAR,NONE,BOARDING,BOYS
385,EASTERN,MERU,IGEMBE SOUTH,HGW9,15309201,MAUA GIRLS SECONDARY SCHOOL,C2,PUBLIC,REGULAR,NONE,BOARDING,GIRLS
386,EASTERN,MERU,IGOJI,AJD5,15370307,GAKUUNI GIRLS SECONDARY SCHOOL,C2,PUBLIC,REGULAR,NONE,BOARDING,GIRLS
387,EASTERN,MERU,IGOJI,3GTR,15370306,GIKURUNE BOYS SECONDARY SCHOOL,C2,PUBLIC,REGULAR,NONE,BOARDING,BOYS
388,EASTERN,MERU,IGOJI,E3EM,15370310,GIKURUNE GIRLS SECONDARY SCHOOL,C2,PUBLIC,REGULAR,NONE,BOARDING,GIRLS
389,EASTERN,MERU,IMENTI EAST,TKAK,15374103,KAAGA BOYS SECONDARY,C2,PUBLIC,REGULAR,NONE,BOARDING,BOYS
390,EASTERN,MERU,IMENTI NORTH,K6DP,15304106,GIKUMENE GIRLS ' SECONDARY SCHOOL,C2,PUBLIC,REGULAR,NONE,BOARDING,GIRLS
391,EASTERN,MERU,IMENTI SOUTH,TWKD,15319104,NKUENE GIRLS HIGH SCHOOL,C2,PUBLIC,REGULAR,NONE,BOARDING,GIRLS
392,EASTERN,MERU,MERU CENTRAL,X4SA,15318101,ABOTHUGUCHI SECONDARY SCHOOL,C2,PUBLIC,REGULAR,NONE,BOARDING,BOYS
393,EASTERN,MERU,MERU CENTRAL,P7MF,15318309,KINJO GIRLS SECONDARY SCHOOL,C2,PUBLIC,REGULAR,NONE,BOARDING,GIRLS
394,EASTERN,MERU,MERU CENTRAL,LYVR,15318104,KIRIGARA GIRLS SECONDARY SCHOOL,C2,PUBLIC,REGULAR,NONE,BOARDING,GIRLS
395,EASTERN,MERU,TIGANIA,D285,15361115,MIKINDURI GIRLS SECONDARY SCHOOL,C2,PUBLIC,REGULAR,NONE,BOARDING,GIRLS
396,EASTERN,MERU,TCEIGNATNRIAL WEST,QSXN,15327101,MIATHENE BOYS HIGH SCHOOL,C2,PUBLIC,REGULAR,NONE,BOARDING,BOYS
397,NYANZA,MIGORI,AWENDO,NFU2,44739103,PE-HILL HIGH SCHOOL,C2,PUBLIC,REGULAR,NONE,BOARDING,BOYS
398,NYANZA,MIGORI,AWENDO,TCZL,44739211,ST. MOURICE NYAROMBO MIXED SECONDARY,C2,PUBLIC,REGULAR,NONE,BOARDING,Mixed
399,NYANZA,MIGORI,AWENDO,VQSE,44739213,SSCTH.NOICOHLOLAS KOYIER MIXED SECONDARY SCHOOL,C2,PUBLIC,REGULAR,NONE,BOARDING,Mixed
400,NYANZA,MIGORI,KURIA EAST,UBUZ,44718202,NYAROHA GIRLS SECONDARY SCHOOL,C2,PUBLIC,REGULAR,NONE,BOARDING,GIRLS
401,NYANZA,MIGORI,KURIA WEST,2LH4,44708102,IKEREGE MIXED SECONDARY SCHOOL,C2,PUBLIC,REGULAR,NONE,BOARDING,Mixed
402,NYANZA,MIGORI,MABERA,KSHD,44748016,ISIBANIA BOYS SECONDARY SCHOOL,C2,PUBLIC,REGULAR,NONE,BOARDING,BOYS
403,NYANZA,MIGORI,MABERA,GEHE,44748004,ST MARY'S MABERA GIRLS SECONDARY SCHOOL,C2,PUBLIC,REGULAR,NONE,BOARDING,GIRLS
404,NYANZA,MIGORI,MABERA,EQJ6,44748015,ST. ANGELA MERICI ISIBANIA GIRLS' SECONDARY,C2,PUBLIC,REGULAR,NONE,BOARDING,GIRLS
405,NYANZA,MIGORI,MIGORI,5R45,44707108,ASCNHJEOGOOL MIXED SECONDARY SCHOOL,C2,PUBLIC,REGULAR,NONE,BOARDING,Mixed
406,NYANZA,MIGORI,MIGORI,N8D5,44707102,MIGORI SECONDARY SCHOOL,C2,PUBLIC,INTERGRATE,HI,BOARDING,BOYS
407,NYANZA,MIGORI,MIGORI,3HRA,44707106,NYABISAWA GIRLS SECONDARY SCHOOL,C2,PUBLIC,RDEGULAR,NONE,BOARDING,GIRLS
408,NYANZA,MIGORI,NYATIKE SOUTH,G7X3,44753106,BANDE GIRLS SECONDARY SCHOOL,C2,PUBLIC,REGULAR,NONE,BOARDING,GIRLS
409,NYANZA,MIGORI,NYATIKE WEST,8WH8,44751104,SORI SECONDARY SCHOOL,C2,PUBLIC,REGULAR,NONE,BOARDING,BOYS
410,NYANZA,MIGORI,RONGO,8EQ2,44717108,KANGESO SECONDARY SCHOOL,C2,PUBLIC,REGULAR,NONE,BOARDING,BOYS
411,NYANZA,MIGORI,RONGO,JDPV,44717101,KANYAWANGA SECONDARY SCHOOL,C2,PUBLIC,REGULAR,NONE,BOARDING,BOYS
412,NYANZA,MIGORI,RONGO,SLRY,44717102,KODEROBARA SECONDARY SCHOOL,C2,PUBLIC,REGULAR,NONE,BOARDING,BOYS
413,NYANZA,MIGORI,RONGO,KJGD,44717107,OYUGI OGANGO GIRLS' SECONDARY SCHOOL,C2,PUBLIC,REGULAR,NONE,BOARDING,GIRLS
414,NYANZA,MIGORI,SUNA WEST,8U9E,44744102,MOI SUBA GIRLS SECONDARY SCHOOL,C2,PUBLIC,REGULAR,NONE,BOARDING,GIRLS
415,NYANZA,MIGORI,SUNA WEST,L7Y2,44744101,ST PETER'S ABWAO SECONDARY SCHOOL,C2,PUBLIC,REGULAR,NONE,BOARDING,BOYS
416,NYANZA,MIGORI,URIRI,H5RE,44736201,BWARE SECONDARY SCHOOL,C2,PUBLIC,REGULAR,NONE,BOARDING,Mixed
417,NYANZA,MIGORI,URIRI,7VR3,44736203,ST. PIUS URIRI HIGH SCHOOL,C2,PUBLIC,REGULAR,NONE,BOARDING,BOYS
418,CENTRAL,MURANG'A,GATANGA,8AFT,10234408,CHRIST THE KING KIRWARA HIGH,C2,PUBLIC,REGULAR,NONE,BOARDING,BOYS
419,CENTRAL,MURANG'A,GATANGA,KXXC,10234401,ST.GERMAINE GATANGA GIRLS' HIGH SCHOOL,C2,PUBLIC,REGULAR,NONE,BOARDING,GIRLS
420,CENTRAL,MURANG'A,KAHURO,E67C,10238104,KIANDERI GIRLS SECONDARY SCHOOL,C2,PUBLIC,REGULAR,NONE,BOARDING,GIRLS
421,CENTRAL,MURANG'A,KAHURO,T923,10238102,KIROGO SECONDARY SCHOOL,C2,PUBLIC,REGULAR,NONE,BOARDING,BOYS
422,CENTRAL,MURANG'A,KAHURO,UM8P,10238103,WEITHAGA BOYS SECONDARY,C2,PUBLIC,REGULAR,NONE,BOARDING,BOYS
423,CENTRAL,MURANG'A,KANDARA,E63U,10226216,GAICHANJIRU HIGH SCHOOL,C2,PUBLIC,REGULAR,NONE,BOARDING,BOYS
424,CENTRAL,MURANG'A,KANDARA,P685,10226201,GITHUMU HIGH SCHOOL,C2,PUBLIC,REGULAR,NONE,BOARDING,BOYS
425,CENTRAL,MURANG'A,KANDARA,AA5E,10226217,GITHUNGURI GIRLS HIGH SCHOOL,C2,PUBLIC,REGULAR,NONE,BOARDING,GIRLS
426,CENTRAL,MURANG'A,KANDARA,QBTU,10226202,GITURU SECONDARY SCHOOL,C2,PUBLIC,REGULAR,NONE,BOARDING,BOYS
427,CENTRAL,MURANG'A,KANDARA,L5KG,10226211,NAARO HIGH SCHOOL,C2,PUBLIC,REGULAR,NONE,BOARDING,MIXED
428,CENTRAL,MURANG'A,KANDARA,2TWZ,10226210,SACRED HEART NG'ARARIA GIRLS HIGH SCHOOL,C2,PUBLIC,REGULAR,NONE,BOARDING,GIRLS
429,CENTRAL,MURANG'A,KANDARA,WYSH,10226227,ST. ALEXIS RUCHU GIRLS HIGH SCHOOL,C2,PUBLIC,REGULAR,NONE,BOARDING,GIRLS
430,CENTRAL,MURANG'A,KANDARA,URZ4,10226232,ST. CHARLES LWANGA SECONDARY SCHOOL -,C2,PUBLIC,REGULAR,NONE,BOARDING,MIXED
431,CENTRAL,MURANG'A,KANGEMA,HZGQ,10229101,KARNIGMEAMMAW HAIGH SCHOOL,C2,PUBLIC,REGULAR,NONE,BOARDING,BOYS
432,CENTRAL,MURANG'A,KANGEMA,95F4,10229205,KIBUTHA GIRLS SECONDARY SCHOOL,C2,PUBLIC,REGULAR,NONE,BOARDING,GIRLS
433,CENTRAL,MURANG'A,KANGEMA,N6XS,10229202,NYAGATUGU SECONDARY SCHOOL,C2,PUBLIC,REGULAR,NONE,BOARDING,BOYS
434,CENTRAL,MURANG'A,KIGUMO,686A,10227101,KIGUMO BENDERA HIGH SCHOOL,C2,PUBLIC,REGULAR,NONE,BOARDING,BOYS
435,CENTRAL,MURANG'A,MATHIOYA,N3EV,10228301,GITUGI GIRLS HIGH SCHOOL,C2,PUBLIC,REGULAR,NONE,BOARDING,GIRLS
436,CENTRAL,MURANG'A,MATHIOYA,RD5H,10228101,NJUMBI HIGH SCHOOL,C2,PUBLIC,REGULAR,NONE,BOARDING,BOYS
437,CENTRAL,MURANG'A,MATHIOYA,RVDB,10228401,ST. ANGELA KIRIA-INI GIRLS SECONDARY SCHOOL,C2,PUBLIC,REGULAR,NONE,BOARDING,GIRLS
438,CENTRAL,MURANG'A,MURANG'A EAST,L85B,10204102,MUMBI GIRLS' HIGH SCHOOL - PUBLIC,C2,PUBLIC,REGULAR,NONE,BOARDING,GIRLS
439,CENTRAL,MURANG'A,MURANG'A,JB4X,10208307,ICHAGAKI BOYS HIGH SCHOOL,C2,PUBLIC,REGULAR,NONE,BOARDING,BOYS
440,CENTRAL,MURANG'A,MURANG'A,WYQL,10208101,MAKUYU BOYS HIGH SCHOOL,C2,PUBLIC,REGULAR,NONE,BOARDING,BOYS
441,CENTRAL,MURANG'A,SMOUURTAHNG'A,RCT5,10208210,MAKUYU GIRLS SECONDARY SCHOOL,C2,PUBLIC,REGULAR,NONE,BOARDING,GIRLS
442,CENTRAL,MURANG'A,MSOUURTAHNG'A,MD3N,10208301,NGINDA GIRL'S SECONDARY SCHOOL,C2,PUBLIC,REGULAR,NONE,BOARDING,GIRLS
443,NAIROBI,NAIROBI,DSOAUGTOHRETTI,4TBK,20405001,DAGORETTI HIGH,C2,PUBLIC,INTERGRATE,PH,BOARDING,BOYS
444,NAIROBI,NAIROBI,DAGORETTI,J2J5,20405007,ST. CLAIRE NEMBU GIRLS,C2,PUBLIC,RDEGULAR,NONE,BOARDING,GIRLS
445,NAIROBI,NAIROBI,KAMUKUNJI,SRWK,20402006,OLM SHAURI MOYO,C2,PUBLIC,REGULAR,NONE,BOARDING,GIRLS
446,NAIROBI,NAIROBI,KAMUKUNJI,6MR6,20402004,UHURU SECONDARY,C2,PUBLIC,REGULAR,NONE,BOARDING,BOYS
447,NAIROBI,NAIROBI,KIBRA,DZ3D,20410002,UPPER HILL SECONDARY,C2,PUBLIC,INTERGRATE,VI,BOARDING,BOYS
448,NAIROBI,NAIROBI,LANGATA,EZAV,20404022,KAREN C GIRLS SECONDARY SCHOOL,C2,PUBLIC,RDEGULAR,NONE,BOARDING,GIRLS
449,NAIROBI,NAIROBI,LANGATA,9AAU,20404001,LANGATA HIGH SCHOOL,C2,PUBLIC,REGULAR,NONE,BOARDING,BOYS
450,NAIROBI,NAIROBI,MAKADARA,FCSK,20401001,AQUINAS HIGH,C2,PUBLIC,INTERGRATE,VI,BOARDING,BOYS
451,NAIROBI,NAIROBI,MAKADARA,MA68,20401002,HIGHWAY SECONDARY,C2,PUBLIC,RDEGULAR,NONE,BOARDING,BOYS
452,NAIROBI,NAIROBI,MAKADARA,42VP,20401003,HURUMA GIRLS HIGH,C2,PUBLIC,REGULAR,NONE,BOARDING,GIRLS
453,NAIROBI,NAIROBI,MAKADARA,STEN,20401005,OFAFA JERICHO HIGH,C2,PUBLIC,REGULAR,NONE,BOARDING,BOYS
454,NAIROBI,NAIROBI,MAKADARA,83B8,20401004,OUR LADY OF MERCY SECONDARY,C2,PUBLIC,REGULAR,NONE,BOARDING,GIRLS
455,NAIROBI,NAIROBI,MAKADARA,K4LV,20401020,ST. ANNES GIRLS SECONDARY,C2,PUBLIC,REGULAR,NONE,BOARDING,GIRLS
456,NAIROBI,NAIROBI,NJIRU,TTS9,20409002,MUHURI MUCHIRI,C2,PUBLIC,REGULAR,NONE,BOARDING,BOYS
457,NAIROBI,NAIROBI,STAREHE,H6QR,20403002,DR. RIBERIO PARKLANDS,C2,PUBLIC,REGULAR,NONE,BOARDING,BOYS
458,NAIROBI,NAIROBI,STAREHE,NKPF,20403001,JAMHURI HIGH,C2,PUBLIC,REGULAR,NONE,BOARDING,BOYS
459,NAIROBI,NAIROBI,STAREHE,VC7M,20403004,NGARA GIRLS,C2,PUBLIC,INTERGRATE,PH,BOARDING,GIRLS
460,NAIROBI,NAIROBI,STAREHE,9QDT,20403003,PUMWANI BOYS,C2,PUBLIC,RDEGULAR,NONE,BOARDING,BOYS
461,NAIROBI,NAIROBI,WESTLANDS,HUTR,20406019,HIGHRIDGE GIRLS,C2,PUBLIC,REGULAR,NONE,BOARDING,GIRLS
462,NAIROBI,NAIROBI,WESTLANDS,6J98,20406009,HOSPITAL HILL HIGH,C2,PUBLIC,REGULAR,NONE,BOARDING,BOYS
463,NAIROBI,NAIROBI,WESTLANDS,QZ9P,20406001,PARKLANDS ARYA GIRLS,C2,PUBLIC,REGULAR,NONE,BOARDING,GIRLS
464,RIFT VALLEY,NAKURU,GILGIL,JS6H,27570201,KOELEL FORCES ACADEMY,C2,PUBLIC,REGULAR,NONE,BOARDING,BOYS
465,RIFT VALLEY,NAKURU,MOLO,6C48,27538102,ELBURGON SECONDARY SCHOOL,C2,PUBLIC,REGULAR,NONE,BOARDING,Mixed
466,RIFT VALLEY,NAKURU,MOLO,HRMR,27538101,MICHINDA SECONDARY SCHOOL,C2,PUBLIC,REGULAR,NONE,BOARDING,BOYS
467,RIFT VALLEY,NAKURU,NAIVASHA,RTLD,27537319,ENAIPOSHA GIRLS HIGH SCHOOL,C2,PUBLIC,REGULAR,NONE,BOARDING,GIRLS
468,RIFT VALLEY,NAKURU,NAIVASHA,ACDH,27537502,KIAMBOGO SECONDARY SCHOOL,C2,PUBLIC,REGULAR,NONE,BOARDING,Mixed
469,RIFT VALLEY,NAKURU,NAIVASHA,YCA3,27537501,MAAI-MAHIU BOYS SECONDARY SCHOOL,C2,PUBLIC,REGULAR,NONE,BOARDING,BOYS
470,RIFT VALLEY,NAKURU,NAIVASHA,7GER,27537505,MAAI-MAHIU GIRLS SECONDARY SCHOOL,C2,PUBLIC,REGULAR,NONE,BOARDING,GIRLS
471,RIFT VALLEY,NAKURU,NAIVASHA,CEJU,27537333,MAGEREZA ACADEMY,C2,PUBLIC,REGULAR,NONE,BOARDING,BOYS
472,RIFT VALLEY,NAKURU,NAIVASHA,EU79,27537303,NAIVASHA HIGH SCHOOL,C2,PUBLIC,REGULAR,NONE,BOARDING,BOYS
473,RIFT VALLEY,NAKURU,NAKURU NORTH,Q86T,27536203,BAHATI PCEA GIRLS SECONDARY SCHOOL,C2,PUBLIC,REGULAR,NONE,BOARDING,GIRLS
474,RIFT VALLEY,NAKURU,NAKURU NORTH,4P8C,27536241,JOMO KENYATTA GIRLS HIGH SCHOOL,C2,PUBLIC,REGULAR,NONE,BOARDING,GIRLS
475,RIFT VALLEY,NAKURU,NJORO,6853,27564108,LARMUDIAC SECONDARY SCHOOL,C2,PUBLIC,REGULAR,NONE,BOARDING,Mixed
476,RIFT VALLEY,NAKURU,NJORO,JH2R,27564102,NJORO GIRLS' SECONDARY SCHOOL,C2,PUBLIC,REGULAR,NONE,BOARDING,GIRLS
477,RIFT VALLEY,NAKURU,RONGAI,GD25,27552018,AIC MOROP GIRLS,C2,PUBLIC,REGULAR,NONE,BOARDING,GIRLS
478,RIFT VALLEY,NAKURU,RONGAI,E59W,27552049,KIROBON BOYS HIGH SCHOOL,C2,PUBLIC,REGULAR,NONE,BOARDING,BOYS
479,RIFT VALLEY,NAKURU,RONGAI,YXR3,27552032,KIROBON GIRLS SECONDARY SCHOOL,C2,PUBLIC,REGULAR,NONE,BOARDING,GIRLS
480,RIFT VALLEY,NAKURU,RONGAI,NGNE,27552002,SOLAI BOYS SECONDARY SCHOOL,C2,PUBLIC,REGULAR,NONE,BOARDING,BOYS
481,RIFT VALLEY,NANDI,CHESUMEI,T7WD,29579702,ITIGO GIRLS SECONDARY SCHOOL,C2,PUBLIC,REGULAR,NONE,BOARDING,GIRLS
482,RIFT VALLEY,NANDI,CHESUMEI,GGMP,29579701,LELMOKWO HIGH SCHOOL,C2,PUBLIC,REGULAR,NONE,BOARDING,BOYS
483,RIFT VALLEY,NANDI,NANDI CENTRAL,FLYA,29513204,HOLY ROSARY GIRLS SECONDARY SCHOOL KOIBEM,C2,PUBLIC,REGULAR,NONE,BOARDING,GIRLS
484,RIFT VALLEY,NANDI,NANDI CENTRAL,4D49,29513305,KILIBWONI HIGH SCHOOL,C2,PUBLIC,REGULAR,NONE,BOARDING,BOYS
485,RIFT VALLEY,NANDI,NANDI CENTRAL,MP6C,29513105,KIPSIGAK HIGH SCHOOL,C2,PUBLIC,REGULAR,NONE,BOARDING,BOYS
486,RIFT VALLEY,NANDI,NANDI CENTRAL,7PJ2,29513308,OUR LADY OF VICTORY KAPNYEBERAI,C2,PUBLIC,REGULAR,NONE,BOARDING,GIRLS
487,RIFT VALLEY,NANDI,NANDI CENTRAL,SX8N,29513310,ST MICHAEL'S BOYS H.S-TERIGE,C2,PUBLIC,REGULAR,NONE,BOARDING,BOYS
488,RIFT VALLEY,NANDI,NANDI EAST,ZAZ5,29541101,LELWAK SECONDARY SCHOOL,C2,PUBLIC,REGULAR,NONE,BOARDING,BOYS
489,RIFT VALLEY,NANDI,NANDI EAST,JDEX,29541202,OUR LADY OF PEACE GIRLS' SECONDARY SCHOOL,C2,PUBLIC,REGULAR,NONE,BOARDING,GIRLS
490,RIFT VALLEY,NANDI,NANDI EAST,YTAT,29541201,SAMOEI BOYS SECONDARY SCHOOL,C2,PUBLIC,REGULAR,NONE,BOARDING,BOYS
491,RIFT VALLEY,NANDI,NANDI NORTH,WF4J,29540102,CHEPTIL SECONDARY SCHOOL,C2,PUBLIC,REGULAR,NONE,BOARDING,Mixed
492,RIFT VALLEY,NANDI,NANDI NORTH,GU3S,29540201,KURGUNG SECONDARY SCHOOL,C2,PUBLIC,REGULAR,NONE,BOARDING,BOYS
493,RIFT VALLEY,NANDI,NANDI NORTH,CUBT,29540202,LABORET BOYS HIGH SCHOOL,C2,PUBLIC,REGULAR,NONE,BOARDING,BOYS
494,RIFT VALLEY,NANDI,NANDI NORTH,T8D6,29540205,NDALAT GAA GIRLS' SECONDARY SCHOOL,C2,PUBLIC,REGULAR,NONE,BOARDING,GIRLS
495,RIFT VALLEY,NANDI,NANDI NORTH,GN5Q,29540104,STEPHEN KOSITANY GIRLS' HIGH SCHOOL,C2,PUBLIC,REGULAR,NONE,BOARDING,GIRLS
496,RIFT VALLEY,NANDI,NANDI NORTH,43GS,29540204,TULWO GIRLS HIGH SCHOOL,C2,PUBLIC,REGULAR,NONE,BOARDING,GIRLS
497,RIFT VALLEY,NANDI,NANDI SOUTH,SHDC,29523301,ACK ST. MARK'S KAPTUMO BOYS HIGH SCHOOL.,C2,PUBLIC,REGULAR,NONE,BOARDING,BOYS
498,RIFT VALLEY,NANDI,NANDI SOUTH,46TC,29523307,AIC CHEBISAAS GIRLS SECONDARY SCHOOL,C2,PUBLIC,REGULAR,NONE,BOARDING,GIRLS
499,RIFT VALLEY,NANDI,NANDI SOUTH,CHCT,29523302,ALDAI GIRLS SECONDARY SCHOOL,C2,PUBLIC,REGULAR,NONE,BOARDING,GIRLS
500,RIFT VALLEY,NANDI,NANDI SOUTH,6U5T,29523308,KAPKOLEI GIRLS SECONDARY SCHOOL,C2,PUBLIC,REGULAR,NONE,BOARDING,GIRLS
501,RIFT VALLEY,NANDI,NANDI SOUTH,T3MA,29523101,KEMELOI BOYS SECONDARY SCHOOL,C2,PUBLIC,REGULAR,NONE,BOARDING,BOYS
502,RIFT VALLEY,NANDI,NANDI SOUTH,SGKS,29523103,SEREM SECONDARY SCHOOL,C2,PUBLIC,REGULAR,NONE,BOARDING,BOYS
503,RIFT VALLEY,NANDI,TINDERET,C47G,29542102,ST.MARY'S TACH ASIS GIRLS SECONDARY SCHOOL,C2,PUBLIC,REGULAR,NONE,BOARDING,GIRLS
504,RIFT VALLEY,NAROK,NAROK CENTRAL,9EYN,32589102,MAASAI GIRLS SEC SCHOOL,C2,PUBLIC,REGULAR,NONE,BOARDING,GIRLS
505,RIFT VALLEY,NAROK,NAROK CENTRAL,EG23,32589103,ST.MARY'S GIRLS SEC SCHOOL,C2,PUBLIC,REGULAR,NONE,BOARDING,GIRLS
506,RIFT VALLEY,NAROK,NAROK SOUTH,WE2F,32546401,OLOLULUNGA BOYS SECONDARY SCHOOL,C2,PUBLIC,REGULAR,NONE,BOARDING,BOYS
507,RIFT VALLEY,NAROK,NAROK WEST,K548,32581309,MOI NAIKARRA GIRLS SECONDARY SCHOOL,C2,PUBLIC,REGULAR,NONE,BOARDING,GIRLS
508,RIFT VALLEY,NAROK,NAROK WEST,KVCQ,32581301,MOI NAIKARRA SECONDARY SCHOOL,C2,PUBLIC,REGULAR,NONE,BOARDING,Mixed
509,RIFT VALLEY,NAROK,NAROK WEST,SWXN,32581213,OUR LADY QUEEN OF PEACE OLOOMIRANI GIRLS,C2,PUBLIC,REGULAR,NONE,BOARDING,GIRLS
510,RIFT VALLEY,NAROK,NAROK WEST,RELP,32581204,SSTEC. JONSDEPAH OLOOMIRANI BOYS SECONDARY SCHOOL,C2,PUBLIC,REGULAR,NONE,BOARDING,BOYS
511,RIFT VALLEY,NAROK,TRANS MARA,NU6U,32560201,EMURUA DIKIRR SECONDARY SCHOOL,C2,PUBLIC,REGULAR,NONE,BOARDING,BOYS
512,RIFT VALLEY,NAROK,TEARSATNS MARA,UPWT,32519103,KILGORIS GIRLS SECONDARY SCHOOL,C2,PUBLIC,REGULAR,NONE,BOARDING,GIRLS
513,NYANZA,NYAMIRA,WBOERSATBU,MXLX,43720107,MENYENYA S.D.A HIGH SCHOOL,C2,PUBLIC,REGULAR,NONE,BOARDING,Mixed
514,NYANZA,NYAMIRA,BORABU,LQYX,43720111,MWONGORI SECONDARY SCHOOL,C2,PUBLIC,REGULAR,NONE,BOARDING,Mixed
515,NYANZA,NYAMIRA,BORABU,6Y3Y,43720106,NYANSIONGO HIGH SCHOOL,C2,PUBLIC,REGULAR,NONE,BOARDING,BOYS
516,NYANZA,NYAMIRA,BORABU,WNWN,43720110,ST MATHIAS MULUMBA SECONDARY SCHOOL,C2,PUBLIC,REGULAR,NONE,BOARDING,GIRLS
517,NYANZA,NYAMIRA,BORABU,K9SY,43720113,ST. PAUL'S NYANDOCHE SECONDARY SCHOOL,C2,PUBLIC,REGULAR,NONE,BOARDING,GIRLS
518,NYANZA,NYAMIRA,MANGA,ZATU,43722107,NYAIKURO HIGH SCHOOL,C2,PUBLIC,REGULAR,NONE,BOARDING,Mixed
519,NYANZA,NYAMIRA,MANGA,BNZS,43722101,ST PAUL'S GEKANO BOYS HIGH SCHOOL,C2,PUBLIC,REGULAR,NONE,BOARDING,BOYS
520,NYANZA,NYAMIRA,MANGA,ZPWL,43722104,TOMBE GIRLS HIGH SCHOOL,C2,PUBLIC,REGULAR,NONE,BOARDING,GIRLS
521,NYANZA,NYAMIRA,NORTH MASABA,TS8P,43715112,NYAKONGO HIGH SCHOOL,C2,PUBLIC,REGULAR,NONE,BOARDING,BOYS
522,NYANZA,NYAMIRA,NORTH MASABA,KBU6,43715105,ST. CYPRIAN BITICHA SECONDARY SCHOOL,C2,PUBLIC,REGULAR,NONE,BOARDING,Mixed
523,NYANZA,NYAMIRA,NYAMIRA,88QB,43706110,GESIAGA SECONDARY SCHOOL,C2,PUBLIC,REGULAR,NONE,BOARDING,Mixed
524,NYANZA,NYAMIRA,NYAMIRA,HMXQ,43706107,MARINDI SECONDARY SCHOOL,C2,PUBLIC,REGULAR,NONE,BOARDING,Mixed
525,NYANZA,NYAMIRA,NYAMIRA,TA4W,43706109,NYAMIRA BOYS HIGH SCHOOL,C2,PUBLIC,REGULAR,NONE,BOARDING,BOYS
526,NYANZA,NYAMIRA,NYAMIRA,TKSJ,43706101,NYANSABAKWA SECONDARY SCHOOL,C2,PUBLIC,REGULAR,NONE,BOARDING,BOYS
527,NYANZA,NYAMIRA,NYAMIRA,WKPN,43706102,OUR LADY OF MERCY RANGENYO GIRLS SECONDARY,C2,PUBLIC,REGULAR,NONE,BOARDING,GIRLS
528,NYANZA,NYAMIRA,NYAMIRA,3WB4,43706117,SSTCH. POETER'S NYAKEMINCHA SECONDARY SCHOOL,C2,PUBLIC,REGULAR,NONE,BOARDING,Mixed
529,NYANZA,NYAMIRA,NYAMIRA NORTH,XNY2,43728105,KEBABE GIRLS SECONDARY SCHOOL,C2,PUBLIC,REGULAR,NONE,BOARDING,GIRLS
530,NYANZA,NYAMIRA,NYAMIRA NORTH,4LYK,43728210,MATONGO BOYS HIGH SCHOOL,C2,PUBLIC,REGULAR,NONE,BOARDING,BOYS
531,NYANZA,NYAMIRA,NYAMIRA NORTH,E4XQ,43728120,NYAMIRANGA SECONDARY SCHOOL,C2,PUBLIC,REGULAR,NONE,BOARDING,Mixed
532,CENTRAL,NYANDARUA,ABERDARE,X72Y,07244101,NDARAGWA GIRLS,C2,PUBLIC,REGULAR,NONE,BOARDING,GIRLS
533,CENTRAL,NYANDARUA,ABERDARE,RZF8,07244102,SHAMATA GIRLS SECONDARY SCHOOL,C2,PUBLIC,REGULAR,NONE,BOARDING,GIRLS
534,CENTRAL,NYANDARUA,MIRANGINE,386U,07225101,NYAKIAMBI,C2,PUBLIC,REGULAR,NONE,BOARDING,GIRLS
535,CENTRAL,NYANDARUA,NORTH,3RYP,07209107,MURUAKI SECONDARY SCHOOL,C2,PUBLIC,REGULAR,NONE,BOARDING,BOYS
536,CENTRAL,NYANDARUA,NKIONRATNHG OP,DMTZ,07209106,ST. JOSEPH MKUNGI SECONDARY SCHOOL,C2,PUBLIC,REGULAR,NONE,BOARDING,BOYS
537,CENTRAL,NYANDARUA,KNIYNAANNDGAORPUA,FGVX,07213104,OL'KALOU SECONDARY SCHOOL,C2,PUBLIC,REGULAR,NONE,BOARDING,Mixed
538,CENTRAL,NYANDARUA,CNEYNATNRDARUA,N9ZS,07201102,LESHAU BOYS HIGH SCHOOL,C2,PUBLIC,REGULAR,NONE,BOARDING,BOYS
539,CENTRAL,NYANDARUA,NOYARNTHDARUA,UX22,07214127,GATIMU GIRLS SECONDARY SCHOOL,C2,PUBLIC,REGULAR,NONE,BOARDING,GIRLS
540,CENTRAL,NYANDARUA,WNYEASNTDARUA,8HRQ,07214102,ST. PAULS AMANI BOYS HIGH SCHOOL,C2,PUBLIC,REGULAR,NONE,BOARDING,BOYS
541,CENTRAL,NYANDARUA,WSOEUSTH,QBFS,07216103,MAGUMU HIGH SCHOOL,C2,PUBLIC,REGULAR,NONE,BOARDING,BOYS
542,CENTRAL,NYANDARUA,KSOINUATNHGOP,YB5T,07216108,MT KINANGOP GIRLS SEC SCHOOL,C2,PUBLIC,REGULAR,NONE,BOARDING,GIRLS
543,CENTRAL,NYANDARUA,SKOINUATNHGOP,MTYY,07216102,ST BAKHITA BONGO GIRLS,C2,PUBLIC,REGULAR,NONE,BOARDING,GIRLS
544,CENTRAL,NYANDARUA,KWIANNAJNOGHOIP,MRE8,07247223,KIPIPIRI SCHOOL,C2,PUBLIC,REGULAR,NONE,BOARDING,BOYS
545,CENTRAL,NYANDARUA,WANJOHI,E4KV,07247202,WANJOHI GIRLS,C2,PUBLIC,REGULAR,NONE,BOARDING,GIRLS
546,CENTRAL,NYERI,KIENI EAST,YCCZ,08210102,NAROMORU BOYS SECONDARY SCHOOL,C2,PUBLIC,REGULAR,NONE,BOARDING,BOYS
547,CENTRAL,NYERI,KIENI EAST,3ATJ,08210201,NAROMORU GIRLS SECONDARY SCHOOL,C2,PUBLIC,REGULAR,NONE,BOARDING,GIRLS
548,CENTRAL,NYERI,KIENI EAST,S7D7,08210101,ST.TERESA MOI EQUATOR GIRLS' SECONDARY,C2,PUBLIC,REGULAR,NONE,BOARDING,GIRLS
549,CENTRAL,NYERI,KIENI WEST,NWD6,08220201,ESCNHDOAORLASHA HIGH SCHOOL,C2,PUBLIC,REGULAR,NONE,BOARDING,BOYS
550,CENTRAL,NYERI,KIENI WEST,4QVB,08220301,ST. BAKHITA GATARAGWA GIRLS HIGH SCHOOL,C2,PUBLIC,REGULAR,NONE,BOARDING,GIRLS
551,CENTRAL,NYERI,MATHIRA EAST,F3W7,08217101,KANJURI HIGH SCHOOL,C2,PUBLIC,REGULAR,NONE,BOARDING,BOYS
552,CENTRAL,NYERI,MATHIRA EAST,FAKF,08217103,KIARITHA-INI HIGH SCHOOL,C2,PUBLIC,REGULAR,NONE,BOARDING,BOYS
553,CENTRAL,NYERI,MATHIRA EAST,X3AY,08217202,KIRIMARA HIGH SCHOOL,C2,PUBLIC,REGULAR,NONE,BOARDING,BOYS
554,CENTRAL,NYERI,MATHIRA EAST,J7JK,08217204,MAGUTU GIRLS' SEC. SCHOOL,C2,PUBLIC,REGULAR,NONE,BOARDING,GIRLS
555,CENTRAL,NYERI,MATHIRA WEST,ELUG,08218102,TUMUTUMU GIRLS,C2,PUBLIC,REGULAR,NONE,BOARDING,GIRLS
556,CENTRAL,NYERI,MUKURWE-INI,4HC6,08219102,MUKURWE-INI BOYS,C2,PUBLIC,REGULAR,NONE,BOARDING,BOYS
557,CENTRAL,NYERI,MUKURWE-INI,V8NN,08219103,ST. BONAVENTURE KAHETI BOYS,C2,PUBLIC,REGULAR,NONE,BOARDING,BOYS
558,CENTRAL,NYERI,NYERI CENTRAL,MHUZ,08202007,GIAKANJA SEC. SCHOOL,C2,PUBLIC,REGULAR,NONE,BOARDING,BOYS
559,CENTRAL,NYERI,NYERI CENTRAL,K992,08202010,MURUGURU SEC. SCHOOL,C2,PUBLIC,REGULAR,NONE,BOARDING,GIRLS
560,CENTRAL,NYERI,NYERI SOUTH,9TUD,08237010,BIRITHIA GIRLS,C2,PUBLIC,REGULAR,NONE,BOARDING,GIRLS
561,CENTRAL,NYERI,NYERI SOUTH,99S7,08237004,CHINGA BOYS,C2,PUBLIC,REGULAR,NONE,BOARDING,BOYS
562,CENTRAL,NYERI,NYERI SOUTH,GG6H,08237011,GATUGI GIRLS,C2,PUBLIC,REGULAR,NONE,BOARDING,GIRLS
563,CENTRAL,NYERI,NYERI SOUTH,TVKY,08237001,KARIMA BOYS HS BOARDING,C2,PUBLIC,REGULAR,NONE,BOARDING,BOYS
564,CENTRAL,NYERI,NYERI SOUTH,26VW,08237003,KENYATTA H.S MAHIGA,C2,PUBLIC,REGULAR,NONE,BOARDING,BOYS
565,CENTRAL,NYERI,NYERI SOUTH,UET4,08237002,O.L.O.F CHINGA GIRLS,C2,PUBLIC,REGULAR,NONE,BOARDING,GIRLS
566,CENTRAL,NYERI,NYERI SOUTH,Z2E4,08237009,OTHAYA GIRLS,C2,PUBLIC,REGULAR,NONE,BOARDING,GIRLS
567,CENTRAL,NYERI,TETU,FHZY,08221201,DEDAN KIMATHI MEMORIAL HIGH SCHOOL,C2,PUBLIC,REGULAR,NONE,BOARDING,BOYS
568,CENTRAL,NYERI,TETU,439D,08221301,KANGUBIRI GIRLS HIGH SCHOOL,C2,PUBLIC,REGULAR,NONE,BOARDING,GIRLS
569,RIFT VALLEY,SAMBURU,SAMBURU,HTPF,22502204,A I C MOI GIRLS SAMBURU,C2,PUBLIC,REGULAR,NONE,BOARDING,GIRLS
570,RIFT VALLEY,SAMBURU,SCAEMNTBRUARU EAST,WC4K,22526201,UASO BOYS SECONDARY SCHOOL,C2,PUBLIC,REGULAR,NONE,BOARDING,BOYS
571,RIFT VALLEY,SAMBURU,SAMBURU EAST,PC95,22526102,WAMBA BOYS SECONDARY SCHOOL,C2,PUBLIC,REGULAR,NONE,BOARDING,BOYS
572,RIFT VALLEY,SAMBURU,SAMBURU EAST,PKPU,22526103,WAMBA GIRLS SECONDARY SCHOOL,C2,PUBLIC,REGULAR,NONE,BOARDING,GIRLS
573,RIFT VALLEY,SAMBURU,SAMBURU NORTH,DV8X,22527201,BARAGOI BOYS SECONDARY SCHOOL,C2,PUBLIC,REGULAR,NONE,BOARDING,BOYS
574,RIFT VALLEY,SAMBURU,SAMBURU NORTH,6NZJ,22527202,BARAGOI GIRLS SECONDARY SCHOOL,C2,PUBLIC,REGULAR,NONE,BOARDING,GIRLS
575,RIFT VALLEY,SAMBURU,SAMBURU NORTH,RPJN,22527101,NYIRO BOYS SECONDARY SCHOOL,C2,PUBLIC,REGULAR,NONE,BOARDING,BOYS
576,RIFT VALLEY,SAMBURU,SAMBURU NORTH,DGAZ,22527102,P.C.E.A TUM GIRLS SECONDARY SCHOOL,C2,PUBLIC,REGULAR,NONE,BOARDING,GIRLS
577,NYANZA,SIAYA,BONDO,BE7B,42712102,NYAMIRA GIRLS SECONDARY SCHOOL,C2,PUBLIC,REGULAR,NONE,BOARDING,GIRLS
578,NYANZA,SIAYA,GEM WAGAI,LCWH,42726202,ALUOR GIRLS SECONDARY SCHOOL,C2,PUBLIC,REGULAR,NONE,BOARDING,GIRLS
579,NYANZA,SIAYA,GEM WAGAI,6ADC,42726201,SIREMBE MIXED SECONDARY SCHOOL,C2,PUBLIC,REGULAR,NONE,BOARDING,Mixed
580,NYANZA,SIAYA,GEM YALA,PY5P,42749104,NYAWARA GIRLS' SECONDARY SCHOOL,C2,PUBLIC,REGULAR,NONE,BOARDING,GIRLS
581,NYANZA,SIAYA,GEM YALA,N5YM,42749102,SINAGA GIRLS SECONDARY SCHOOL,C2,PUBLIC,REGULAR,NONE,BOARDING,GIRLS
582,NYANZA,SIAYA,RARIEDA,PQYU,42721101,CHIANDA HIGH SCHOOL,C2,PUBLIC,REGULAR,NONE,BOARDING,BOYS
583,NYANZA,SIAYA,SIAYA,6MGY,42705202,BARDING SECONDARY SCHOOL,C2,PUBLIC,REGULAR,NONE,BOARDING,BOYS
584,NYANZA,SIAYA,SIAYA,DTDH,42705102,BISHOP OKOTH GIRLS'- MBAGA SECONDARY,C2,PUBLIC,REGULAR,NONE,BOARDING,GIRLS
585,NYANZA,SIAYA,UGENYA,B884,42725102,SSCEHGAO OGLIRLS SECONDARY SCHOOL,C2,PUBLIC,REGULAR,NONE,BOARDING,GIRLS
586,NYANZA,SIAYA,UGENYA,A8VV,42725101,ST. MARY'S UKWALA HIGH SCHOOL,C2,PUBLIC,REGULAR,NONE,BOARDING,BOYS
587,NYANZA,SIAYA,UGUNJA,H5XZ,42738102,AMBIRA HIGH SCHOOL,C2,PUBLIC,REGULAR,NONE,BOARDING,BOYS
588,NYANZA,SIAYA,UGUNJA,268X,42738103,RANG'ALA BOYS SECONDARY SCHOOL,C2,PUBLIC,REGULAR,NONE,BOARDING,BOYS
589,NYANZA,SIAYA,USIGU,M77Y,42712304,NYAMONYE GIRLS' SECONDARY SCHOOL,C2,PUBLIC,REGULAR,NONE,BOARDING,GIRLS
590,NYANZA,SIAYA,USIGU,SGZL,42712301,USENGE HIGH SCHOOL,C2,PUBLIC,REGULAR,NONE,BOARDING,BOYS
591,COAST,TAITA,MWATATE,5CGR,1114211,KITUMA SECONDARY SCHOOL,C2,PUBLIC,REGULAR,NONE,BOARDING,BOYS
592,COAST,TAVITEAT A,MWATATE,YY48,1114102,MURRAY GIRLS' HIGH SCHOOL,C2,PUBLIC,REGULAR,NONE,BOARDING,GIRLS
593,COAST,TAIVTEAT A,MWATATE,96SJ,1114301,MWASERE GIRLS' SECONDARY SCHOOL,C2,PUBLIC,REGULAR,NONE,BOARDING,GIRLS
594,COAST,TAVITEAT A,TAITA,LBXP,1101202,CANON KITURI SECONDARY SCHOOL,C2,PUBLIC,REGULAR,NONE,BOARDING,Mixed
595,COAST,TAIVTEAT A,TAITA,WVLR,1101204,SHIMBO SECONDARY SCHOOL,C2,PUBLIC,REGULAR,NONE,BOARDING,Mixed
596,COAST,TAIVTEAT A,TAITA,VZG7,1101201,ST. MARY'S HIGH SCHOOL LUSHANGONYI,C2,PUBLIC,REGULAR,NONE,BOARDING,BOYS
597,COAST,TAIVTEAT A,TAVETA,9HR8,1113104,BISHOP JOHN NJENGA SECONDARY SCHOOL,C2,PUBLIC,REGULAR,NONE,BOARDING,Mixed
598,COAST,TAIVTEAT A,TAVETA,XNUD,1113101,ELDORO GIRLS HIGH SCHOOL,C2,PUBLIC,REGULAR,NONE,BOARDING,GIRLS
599,COAST,TAIVTEAT A,TAVETA,FR7V,1113105,MAHOO GIRLS' SECONDARY SCHOOL,C2,PUBLIC,REGULAR,NONE,BOARDING,GIRLS
600,COAST,TAVITEAT A,TAVETA,7MKS,1113102,TIMBILA SECONDARY SCHOOL,C2,PUBLIC,INTERGRATE,PH,BOARDING,BOYS
601,COAST,TAIVTEAT A,VOI,7FEY,1115301,MOI BOYS HIGH SCHOOL - KASIGAU,C2,PUBLIC,RDEGULAR,NONE,BOARDING,BOYS
602,COAST,TAVITEAT A,VOI,SKJ5,1115201,MWAKITAWA SECONDARY SCHOOL,C2,PUBLIC,REGULAR,NONE,BOARDING,GIRLS
603,COAST,TAVITEAT A,VOI,ENSC,1115106,OUR LADY OF PERPETUAL SUCCOUR GIRLS,C2,PUBLIC,REGULAR,NONE,BOARDING,GIRLS
604,COAST,TAVITEAT A,VOI,Q36B,1115101,VSEOCI OSNECDOANRDYA SRCY SCHOOL,C2,PUBLIC,INTERGRATE,PH,BOARDING,BOYS
605,COAST,TANA RIVER,BANGALE,P5FG,5132201,MADOGO SECONDARY SCHOOL,C2,PUBLIC,REGULAR,NONE,BOARDING,Mixed
606,COAST,TANA RIVER,TANA DELTA,3QTL,5112203,KIPINI SECONDARY SCHOOL,C2,PUBLIC,REGULAR,NONE,BOARDING,Mixed
607,COAST,TANA RIVER,TANA DELTA,DKEM,5112201,TARASAA HIGH SCHOOL,C2,PUBLIC,REGULAR,NONE,BOARDING,Mixed
608,COAST,TANA RIVER,TANA NORTH,ZQSL,5117101,HIRIMANI SECONDARY SCHOOL,C2,PUBLIC,REGULAR,NONE,BOARDING,Mixed
609,COAST,TANA RIVER,TANA RIVER,NNBX,5103102,MAU MAU MEMORIAL GIRLS SECONDARY SCHOOL,C2,PUBLIC,REGULAR,NONE,BOARDING,GIRLS
610,COAST,TANA RIVER,TANA RIVER,GSWU,5103103,WENJE SECONDARY SCHOOL,C2,PUBLIC,REGULAR,NONE,BOARDING,Mixed
611,EASTERN,THARAKA,CHIAKARIGA,QTKN,19371203,MATERI BOYS' HIGH SCHOOL,C2,PUBLIC,REGULAR,NONE,BOARDING,BOYS
612,EASTERN,NTHITAHRIAKA,IGAMBANG'OMBE,XP4F,19367501,ITUGURURU SECONDARY SCHOOL,C2,PUBLIC,REGULAR,NONE,BOARDING,Mixed
613,EASTERN,TNHITAHRIAKA,MAARA,QPSW,19326204,CHIEF MBOGORI GIRLS SECONDARY SCHOOL,C2,PUBLIC,REGULAR,NONE,BOARDING,GIRLS
614,EASTERN,TNHITAHRIAKA,MAARA,2QBV,19326206,IGWANJAU SECONDARY SCHOOL,C2,PUBLIC,REGULAR,NONE,BOARDING,Mixed
615,EASTERN,TNHITAHRIAKA,MAARA,ACLT,19326207,IRUMA GIRLS SECONDARY SCHOOL,C2,PUBLIC,REGULAR,NONE,BOARDING,GIRLS
616,EASTERN,NTHITAHRIAKA,MAARA,UYGG,19326208,KIURANI SECONDARY SCHOOL,C2,PUBLIC,REGULAR,NONE,BOARDING,BOYS
617,EASTERN,TNHITAHRIAKA,MAARA,HWP8,19326211,MAKURI GIRLS SECONDARY SCHOOL,C2,PUBLIC,REGULAR,NONE,BOARDING,GIRLS
618,EASTERN,NTHITAHRIAKA,MAARA,5WQT,19326212,NGAITA GIRLS SECONDARY SCHOOL,C2,PUBLIC,REGULAR,NONE,BOARDING,GIRLS
619,EASTERN,TNHITAHRIAKA,MERU SOUTH,HUTQ,19308301,CHUKA BOYS HIGH SCHOOL,C2,PUBLIC,REGULAR,NONE,BOARDING,BOYS
620,EASTERN,NTHITAHRIAKA,MERU SOUTH,WUGB,19308304,CHUKA GIRLS' SECONDARY SCHOOL,C2,PUBLIC,REGULAR,NONE,BOARDING,GIRLS
621,EASTERN,TNHITAHRIAKA,MERU SOUTH,5F64,19308308,IKAWA SECONDARY SCHOOL,C2,PUBLIC,REGULAR,NONE,BOARDING,MIXED
622,EASTERN,TNHITAHRIAKA,MERU SOUTH,KKCT,19308503,IKUU GIRLS SECONDARY SCHOOL,C2,PUBLIC,REGULAR,NONE,BOARDING,GIRLS
623,EASTERN,NTHITAHRIAKA,MERU SOUTH,TR3N,19308306,KARAMUGI SECONDARY SCHOOL,C2,PUBLIC,REGULAR,NONE,BOARDING,GIRLS
624,EASTERN,NTHITAHRIAKA,MERU SOUTH,N7CD,19308505,MAGUMONI GIRLS SECONDARY SCHOOL,C2,PUBLIC,REGULAR,NONE,BOARDING,GIRLS
625,EASTERN,TNHITAHRIAKA,MERU SOUTH,PYSA,19308502,MUKUUNI HIGH SCHOOL,C2,PUBLIC,REGULAR,NONE,BOARDING,BOYS
626,EASTERN,NTHITAHRIAKA,MERU SOUTH,XR7B,19308504,NJURI HIGH SCHOOL,C2,PUBLIC,REGULAR,NONE,BOARDING,MIXED
627,EASTERN,TNHITAHRIAKA,MUTHAMBI,PBUL,19378105,KAJIUDUTHI HIGH SCHOOL,C2,PUBLIC,REGULAR,NONE,BOARDING,BOYS
628,EASTERN,NTHITAHRIAKA,MUTHAMBI,6J8S,19378103,KIINI SECONDARY SCHOOL,C2,PUBLIC,REGULAR,NONE,BOARDING,Mixed
629,EASTERN,NTHITAHRIAKA,MUTHAMBI,NC8P,19378102,MUTHAMBI BOYS SECONDARY SCHOOL,C2,PUBLIC,REGULAR,NONE,BOARDING,BOYS
630,EASTERN,NTHITAHRIAKA,MUTHAMBI,YTD7,19378101,MUTHAMBI GIRLS HIGH SCHOOL,C2,PUBLIC,REGULAR,NONE,BOARDING,GIRLS
631,EASTERN,NTHITAHRIAKA,MUTHAMBI,K6DG,19378104,OUR LADY OF MERCY GIRLS SECONDARY SCHOOL,C2,PUBLIC,REGULAR,NONE,BOARDING,GIRLS
632,EASTERN,TNHITAHRIAKA,THARAKA SOUTH,MRQW,19313101,THARAKA SECONDARY SCHOOL,C2,PUBLIC,REGULAR,NONE,BOARDING,BOYS
633,RIFT VALLEY,TNRITAHNIS NZOIA,ENDEBESS,P98F,23572102,ST.PAULS KITUM HIGH SCHOOL,C2,PUBLIC,REGULAR,NONE,BOARDING,BOYS
634,RIFT VALLEY,TRANS NZOIA,KIMININI,5PD3,23574140,KABUYEFWE FRIENDS GIRLS SECONDARY SCHOOL,C2,PUBLIC,REGULAR,NONE,BOARDING,GIRLS
635,RIFT VALLEY,TRANS NZOIA,KIMININI,42HH,23574143,KABUYEFWE FRIENDS SECONDARY SCHOOL,C2,PUBLIC,REGULAR,NONE,BOARDING,BOYS
636,RIFT VALLEY,TRANS NZOIA,KWANZA,4H2C,23529103,GOSETA BOYS HIGH SCHOOL,C2,PUBLIC,REGULAR,NONE,BOARDING,BOYS
637,RIFT VALLEY,TRANS NZOIA,KWANZA,2C5Q,23529118,KWANZA GIRLS HIGH SCHOOL,C2,PUBLIC,REGULAR,NONE,BOARDING,GIRLS
638,RIFT VALLEY,TRANS NZOIA,KWANZA,8TT7,23529132,"ST. MONICA'S GIRLS HIGH SCHOOL, KITALE",C2,PUBLIC,REGULAR,NONE,BOARDING,GIRLS
639,RIFT VALLEY,TRANS NZOIA,TRANS NZOIA,C6VR,23528106,AIC MOI BOYS HIGH SCHOOL KAPLAMAI,C2,PUBLIC,REGULAR,NONE,BOARDING,BOYS
640,RIFT VALLEY,TRANS NZOIA,TEARSATNS NZOIA,M5SW,23528124,BWAKE GIRLS SCHOOL,C2,PUBLIC,REGULAR,NONE,BOARDING,GIRLS
641,RIFT VALLEY,TRANS NZOIA,ETARSATNS NZOIA,DT2M,23528108,FRIENDS BWAKE BOYS,C2,PUBLIC,REGULAR,NONE,BOARDING,BOYS
642,RIFT VALLEY,TRANS NZOIA,TEARSATNS NZOIA,4VQP,23528105,IMMACULATE CONCEPTION BOYS MUKUYU,C2,PUBLIC,REGULAR,NONE,BOARDING,BOYS
643,RIFT VALLEY,TRANS NZOIA,ETARSATNS NZOIA,FDNM,23528204,KIPKEIKEI BOYS HIGH SCHOOL,C2,PUBLIC,REGULAR,NONE,BOARDING,BOYS
644,RIFT VALLEY,TRANS NZOIA,ETARSATNS NZOIA,RZGG,23528116,ST MARK'S GIRLS CHERANGANI,C2,PUBLIC,REGULAR,NONE,BOARDING,GIRLS
645,RIFT VALLEY,TRANS NZOIA,TEARSATNS NZOIA,SP92,23528101,ST MARKS HIGH SCHOOL CHERANGANI,C2,PUBLIC,REGULAR,NONE,BOARDING,BOYS
646,RIFT VALLEY,TRANS NZOIA,TEARSATNS NZOIA,MTKZ,23503108,BOMA BOYS' HIGH SCHOOL,C2,PUBLIC,REGULAR,NONE,BOARDING,BOYS
647,RIFT VALLEY,TRANS NZOIA,TWREASNTS NZOIA,HXEH,23503110,KITALE SCHOOL-SECONDARY,C2,PUBLIC,REGULAR,NONE,BOARDING,GIRLS
648,RIFT VALLEY,TRANS NZOIA,TWREASNTS NZOIA,SK5F,23503111,ST JOSEPH'S GIRLS' HIGH SCHOOL KITALE,C2,PUBLIC,REGULAR,NONE,BOARDING,GIRLS
649,RIFT VALLEY,TURKANA,AWREOSOT,2W8X,21592301,KATILU BOYS SECONDARY SCHOOL,C2,PUBLIC,INTERGRATE,VI,BOARDING,BOYS
650,RIFT VALLEY,TURKANA,TURKANA EAST,F3K2,21548101,AIC KANGITIT GIRLS,C2,PUBLIC,DREGULAR,NONE,BOARDING,GIRLS
651,RIFT VALLEY,TURKANA,TURKANA EAST,8RL6,21548102,RCEA LOKORI BOYS,C2,PUBLIC,REGULAR,NONE,BOARDING,BOYS
652,RIFT VALLEY,TURKANA,TURKANA NORTH,U54W,21524102,KATABOI GIRLS SECONDARY SCHOOL,C2,PUBLIC,REGULAR,NONE,BOARDING,GIRLS
653,RIFT VALLEY,TURKANA,TURKANA NORTH,LJ7X,21524101,LOKITAUNG SECONDARY SCHOOL,C2,PUBLIC,REGULAR,NONE,BOARDING,BOYS
654,RIFT VALLEY,TURKANA,TURKANA SOUTH,N836,21525202,UHURU GIRLS' HIGH SCHOOL- LOKICHAR,C2,PUBLIC,REGULAR,NONE,BOARDING,GIRLS
655,RIFT VALLEY,TURKANA,TURKANA WEST,NNH8,21549102,OUR LADY'S GIRLS SECONDARY KAKUMA,C2,PUBLIC,REGULAR,NONE,BOARDING,GIRLS
656,RIFT VALLEY,UASIN GISHU,AINABKOI,S5S8,26534122,ARNESEN'S HIGH SCHOOL,C2,PUBLIC,REGULAR,NONE,BOARDING,BOYS
657,RIFT VALLEY,UASIN GISHU,AINABKOI,AS2S,26534118,DRYS GIRLS SECONDARY SCHOOL,C2,PUBLIC,REGULAR,NONE,BOARDING,GIRLS
658,RIFT VALLEY,UASIN GISHU,AINABKOI,ZACS,26534119,KAPNGETUNY HIGH SCHOOL,C2,PUBLIC,REGULAR,NONE,BOARDING,BOYS
659,RIFT VALLEY,UASIN GISHU,AINABKOI,WXGD,26534114,KIPKABUS SECONDARY SCHOOL,C2,PUBLIC,REGULAR,NONE,BOARDING,BOYS
660,RIFT VALLEY,UASIN GISHU,AINABKOI,SE5P,26534107,PLATEAU SECONDARY SCHOOL,C2,PUBLIC,REGULAR,NONE,BOARDING,GIRLS
661,RIFT VALLEY,UASIN GISHU,AINABKOI,22WA,26534124,RURIGI SECONDARY SCHOOL,C2,PUBLIC,REGULAR,NONE,BOARDING,Mixed
662,RIFT VALLEY,UASIN GISHU,KAPSERET,GAMM,26535111,NGERIA SECONDARY SCHOOL,C2,PUBLIC,REGULAR,NONE,BOARDING,GIRLS
663,RIFT VALLEY,UASIN GISHU,KAPSERET,KZS8,26535126,SIMAT SECONDARY SCHOOL,C2,PUBLIC,REGULAR,NONE,BOARDING,BOYS
664,RIFT VALLEY,UASIN GISHU,KESSES,DNZN,26578008,ACK ST. LUKES CHEPTIRET SCHOOL,C2,PUBLIC,REGULAR,NONE,BOARDING,BOYS
665,RIFT VALLEY,UASIN GISHU,KESSES,XEMY,26578003,CHEPLASKEI SECONDARY SCHOOL,C2,PUBLIC,REGULAR,NONE,BOARDING,BOYS
666,RIFT VALLEY,UASIN GISHU,KESSES,WPEN,26578001,HILL SCHOOL - ELDORET,C2,PUBLIC,REGULAR,NONE,BOARDING,GIRLS
667,RIFT VALLEY,UASIN GISHU,KESSES,QTRW,26578009,KAPKOIGA GIRLS SECONDARY SCHOOL,C2,PUBLIC,REGULAR,NONE,BOARDING,GIRLS
668,RIFT VALLEY,UASIN GISHU,KESSES,467Z,26578007,ST CATHERINE GIRLS SECONDARY SCHOOL,C2,PUBLIC,REGULAR,NONE,BOARDING,GIRLS
669,RIFT VALLEY,UASIN GISHU,MOIBEN,DKRG,26577124,MOIBEN HIGH SCHOOL,C2,PUBLIC,REGULAR,NONE,BOARDING,BOYS
670,RIFT VALLEY,UASIN GISHU,MOIBEN,XQ8N,26577117,SEKO GIRLS SECONDARY SCHOOL,C2,PUBLIC,REGULAR,NONE,BOARDING,GIRLS
671,RIFT VALLEY,UASIN GISHU,SOY,XR9H,26576103,KEROTET GIRLS SECONDARY SCHOOL,C2,PUBLIC,REGULAR,NONE,BOARDING,GIRLS
672,RIFT VALLEY,UASIN GISHU,SOY,6WNR,26576109,KIPSANGUI SECONDARY SCHOOL,C2,PUBLIC,REGULAR,NONE,BOARDING,BOYS
673,RIFT VALLEY,UASIN GISHU,SOY,ZYSN,26576117,"LORETO HIGH SCHOOL, MATUNDA",C2,PUBLIC,REGULAR,NONE,BOARDING,GIRLS
674,RIFT VALLEY,UASIN GISHU,TURBO,VBMU,26509112,KAMAGUT HIGH SCHOOL,C2,PUBLIC,REGULAR,NONE,BOARDING,Mixed
675,RIFT VALLEY,UASIN GISHU,TURBO,CR75,26509117,SUGOI GIRLS SECONDARY SCHOOL,C2,PUBLIC,REGULAR,NONE,BOARDING,GIRLS
676,RIFT VALLEY,UASIN GISHU,TURBO,FLKV,26509111,TURBO GIRLS SECONDARY SCHOOL,C2,PUBLIC,REGULAR,NONE,BOARDING,GIRLS
677,WESTERN,VIHIGA,EMUHAYA,4GUY,38618201,EMUSIRE HIGH SCHOOL,C2,PUBLIC,REGULAR,NONE,BOARDING,BOYS
678,WESTERN,VIHIGA,HAMISI,Q4N5,38619203,FRIENDS SCHOOL KAIMOSI BOYS SECONDARY,C2,PUBLIC,REGULAR,NONE,BOARDING,BOYS
679,WESTERN,VIHIGA,HAMISI,L8RZ,38619201,FRIENDS SCHOOL KAIMOSI GIRLS,C2,PUBLIC,REGULAR,NONE,BOARDING,GIRLS
680,WESTERN,VIHIGA,HAMISI,BW8Z,38619101,GOIBEI GIRLS HIGH SCHOOL,C2,PUBLIC,REGULAR,NONE,BOARDING,GIRLS
681,WESTERN,VIHIGA,HAMISI,4EWN,38619202,SENENDE BOYS' HIGH SCHOOL,C2,PUBLIC,REGULAR,NONE,BOARDING,BOYS
682,WESTERN,VIHIGA,HAMISI,2YMW,38619204,ST. PAULS ERUSUI GIRLS HIGH SCHOOL,C2,PUBLIC,REGULAR,NONE,BOARDING,GIRLS
683,WESTERN,VIHIGA,HAMISI,YEQR,38619103,TIGOI GIRLS SECONDARY SCHOOL,C2,PUBLIC,REGULAR,NONE,BOARDING,GIRLS
684,WESTERN,VIHIGA,LUANDA,ZS9D,38633202,EBUBAYI SECONDARY SCHOOL,C2,PUBLIC,REGULAR,NONE,BOARDING,Mixed
685,WESTERN,VIHIGA,LUANDA,UH58,38633210,EBUSAKAMI GIRLS SECONDARY SCHOOL,C2,PUBLIC,REGULAR,NONE,BOARDING,GIRLS
686,WESTERN,VIHIGA,LUANDA,T2GS,38633204,HOBUNAKA SECONDARY SCHOOL,C2,PUBLIC,REGULAR,NONE,BOARDING,BOYS
687,WESTERN,VIHIGA,LUANDA,752T,38633205,IBUBI GIRLS SECONDARY SCHOOL,C2,PUBLIC,REGULAR,NONE,BOARDING,GIRLS
688,WESTERN,VIHIGA,SABATIA,BJYH,38622207,FRIENDS GIRLS HIGH SCHOOL - IGUNGA,C2,PUBLIC,REGULAR,NONE,BOARDING,GIRLS
689,WESTERN,VIHIGA,SABATIA,QGV4,38622202,FRIENDS SCHOOL - MBALE,C2,PUBLIC,REGULAR,NONE,BOARDING,BOYS
690,WESTERN,VIHIGA,SABATIA,6MZN,38622102,MOI GIRLS' SECONDARY SCHOOL-VOKOLI,C2,PUBLIC,REGULAR,NONE,BOARDING,GIRLS
691,WESTERN,VIHIGA,VIHIGA,NC9X,38604107,MADIRA GIRLS' HIGH SCHOOL,C2,PUBLIC,REGULAR,NONE,BOARDING,GIRLS
692,WESTERN,VIHIGA,VIHIGA,WQ77,38604102,MUDAVADI GIRLS HIGH SCHOOL,C2,PUBLIC,REGULAR,NONE,BOARDING,GIRLS
693,WESTERN,VIHIGA,VIHIGA,2PCU,38604109,ST. CLARE'S MARAGOLI GIRLS,C2,PUBLIC,REGULAR,NONE,BOARDING,GIRLS
694,WESTERN,VIHIGA,VIHIGA,EMQX,38604101,VIHIGA FRIENDS HIGH SCHOOL,C2,PUBLIC,REGULAR,NONE,BOARDING,BOYS
695,NORTH EASTERN,WAJIR,WAJIR EAST,WNTK,46802102,SABUNLEY SECONDARY SCHOOL,C2,PUBLIC,REGULAR,NONE,BOARDING,BOYS
696,NORTH EASTERN,WAJIR,WAJIR NORTH,XM8B,46807101,BUTE BOYS SECONDARY SCHOOL,C2,PUBLIC,REGULAR,NONE,BOARDING,BOYS
697,NORTH EASTERN,WAJIR,WAJIR NORTH,EMTE,46807102,BUTE GIRLS SECONDARY SCHOOL,C2,PUBLIC,REGULAR,NONE,BOARDING,GIRLS
698,NORTH EASTERN,WAJIR,WAJIR WEST,VF3F,46808101,GRIFTU SECONDARY SCHOOL,C2,PUBLIC,REGULAR,NONE,BOARDING,BOYS
699,NORTH EASTERN,WAJIR,WAJIR WEST,X98F,46808102,HON KHALIF GIRLS SECONDARY SCHOOL,C2,PUBLIC,REGULAR,NONE,BOARDING,GIRLS
700,RIFT VALLEY,WEST POKOT,KACHELIBA,KNEF,24585101,HOLY CROSS BOYS SECONDARY SCHOOL -,C2,PUBLIC,REGULAR,NONE,BOARDING,BOYS
701,RIFT VALLEY,WEST POKOT,KACHELIBA,QQRR,24585104,SKTA CBHAEKLHIIBTAA GIRLS SECONDARY SCHOOL-KARON,C2,PUBLIC,REGULAR,NONE,BAORDING,GIRLS
702,RIFT VALLEY,WEST POKOT,KIPKOMO,AM65,24504102,CHEPKORNISWO BOYS' SECONDARY SCHOOL,C2,PUBLIC,REGULAR,NONE,BOARDING,BOYS
703,RIFT VALLEY,WEST POKOT,KIPKOMO,YASS,24504202,HOLY ROSARY GIRLS HIGH SCHOOL,C2,PUBLIC,REGULAR,NONE,BOARDING,GIRLS
704,RIFT VALLEY,WEST POKOT,KIPKOMO,4QFS,24504201,ORTUM SECONDARY SCHOOL,C2,PUBLIC,REGULAR,NONE,BOARDING,BOYS
705,RIFT VALLEY,WEST POKOT,KIPKOMO,AWXN,24504101,ST. CECILIA GIRLS SECONDARY SCHOOL-,C2,PUBLIC,REGULAR,NONE,BOARDING,GIRLS
706,RIFT VALLEY,WEST POKOT,KIPKOMO,3JBX,24504106,CSTH.E SPTAERPEHREINA LAIKONG GIRLS SECONDARY SCHOOL,C2,PUBLIC,REGULAR,NONE,BOARDING,GIRLS
707,RIFT VALLEY,WEST POKOT,NORTH POKOT,27JH,24530201,ST. COMBONI,C2,PUBLIC,REGULAR,NONE,BOARDING,BOYS
708,RIFT VALLEY,WEST POKOT,POKOT CENTRAL,QUG3,24531101,WEI-WEI BOYS,C2,PUBLIC,REGULAR,NONE,BOARDING,BOYS
709,RIFT VALLEY,WEST POKOT,WEST POKOT,YXA4,24505401,SOOK BOYS SECONDARY SCHOOL,C2,PUBLIC,REGULAR,NONE,BOARDING,BOYS
